URL,Version,Status,OIDs,Name,Title,Description,Used
http://dicom.nema.org/resources/ontology/DCM,01,active,"1.2.840.10008.2.16.4",DICOM Controlled Terminology Definitions,,"DICOM Code Definitions (Coding Scheme Designator ""DCM"" Coding Scheme Version ""01"")","ValueSet/jdv-examen-complementaire-cisis,ValueSet/jdv-modalite-demande-acte-imagerie-cisis,ValueSet/jdv-conduite-a-tenir-1-cisis,ValueSet/jdv-quantite-exposition-rayonnements-cisis,ValueSet/jdv-imagerie-objectif-reference-cisis,ValueSet/jdv-bilan-technique-cisis,ValueSet/jdv-technique-imagerie-d2lm-cisis,ValueSet/jdv-section-document-cisis,ValueSet/jdv-modalite-acquisition-cisis,ValueSet/jdv-conduite-a-tenir-3-cisis"
http://hl7.org/fhir/administrative-gender,4.0.1,active,"2.16.840.1.113883.4.642.4.2",AdministrativeGender,AdministrativeGender,"The gender of a person used for administrative purposes.","ValueSet/administrative-gender,ConceptMap/ASS-A33-AdministrativeGender-Sexe"
http://hl7.org/fhir/allergy-intolerance-criticality,4.0.1,draft,"2.16.840.1.113883.4.642.4.130",AllergyIntoleranceCriticality,AllergyIntoleranceCriticality,"Estimate of the potential clinical harm, or seriousness, of a reaction to an identified substance.","ValueSet/jdv-hl7-allergy-intolerance-criticality-cisis"
http://hl7.org/fhir/days-of-week,4.0.1,active,"2.16.840.1.113883.4.642.4.513",DaysOfWeek,DaysOfWeek,"The days of the week.","ValueSet/jdv-hl7-days-of-week-cisis,ValueSet/jdv-hl7-days-of-week"
http://hl7.org/fhir/sid/icd-10,2.1.1,retired,"2.16.840.1.113883.6.3",Icd10,ICD-10,"International Classification of Diseases revision 10 (ICD 10)","ValueSet/jdv-type-diabete-cisis,ValueSet/jdv-lesion-traumatique-obstetricale-cisis,ValueSet/jdv-patho-1ere-semaine-cs8-cisis,ValueSet/jdv-trouble-visuel-cisis,ValueSet/jdv-etiologie-hemorragie-cisis,ValueSet/jdv-ufcv-motif-implant-cisis,ValueSet/jdv-anomalie-croissance-cisis,ValueSet/jdv-etiologie-avc-cisis,ValueSet/jdv-antecedent-personnel-cisis,ValueSet/jdv-complication-rougeole-cisis,ValueSet/jdv-antecedent-obstetrical-obp-cisis,ValueSet/jdv-motif-hospitalisation-cse-cisis,ValueSet/jdv-antecedant-medical-cisis,ValueSet/jdv-complication-cisis,ValueSet/jdv-etat-naissance-cisis,ValueSet/jdv-complication-thromboembolique-cisis,ValueSet/jdv-complication-pulmonaire-cisis,ValueSet/jdv-info-prise-en-charge-cisis,ValueSet/jdv-contre-indication-cisis,ValueSet/jdv-deficience-physique-cisis,ValueSet/jdv-type-migraine-cisis,ValueSet/jdv-type-lesion-imagerie-cisis,ValueSet/jdv-antecedent-obstetrical-cisis,ValueSet/jdv-evaluation-ssiad-cisis,ValueSet/jdv-motif-declenchement-travail-cisis,ValueSet/jdv-autre-symptome-ex-neuro-cisis,ValueSet/jdv-complication-urinaire-cisis,ValueSet/jdv-complication-neurologique-cisis,ValueSet/jdv-issue-grossesse-cisis,ValueSet/jdv-quantite-liquide-amniotique-cisis,ValueSet/jdv-autre-symptome-avc-cisis,ValueSet/jdv-complication-neuropsychiatrique-cisis,ValueSet/jdv-tumeur-cisis,ValueSet/jdv-facteur-de-risque-avc-cisis,ValueSet/jdv-symptome-avc-cisis,ValueSet/jdv-complication-digestive-cisis,ValueSet/jdv-etat-perinee-cisis"
http://hl7.org/fhir/sid/icf,1.0.0,active,"2.16.840.1.113883.6.254",ICF,International Classification of Functioning, Disability and Health,"""The International Classification of Functioning, Disability and Health, known more commonly as ICF, is a classification of health and health-related domains. As the functioning and disability of an individual occurs in a context, ICF also includes a list of environmental factors.    ICF is the WHO framework for measuring health and disability at both individual and population levels.    ICF was officially endorsed by all 191 WHO Member States in the Fifty-fourth World Health Assembly on 22 May 2001(resolution [WHA 54.21](http://apps.who.int/gb/archive/pdf_files/WHA54/ea54r21.pdf) ) as the international standard to describe and measure health and disability.    ICF is based on the same foundation as ICD and ICHI and share the same set of extension codes that enable documentation at a higher level of detail.""    Official updates to the ICF are available as annual lists of changes.    These updates are approved annually at the October meeting of the WHO Family of International Classifications (WHO-FIC) Network.    To license ICF, the same rules apply for ICF as for ICD. See [http://icd.who.int/](http://icd.who.int/).    For more information, see [https://www.who.int/standards/classifications/international-classification-of-functioning-disability-and-health](https://www.who.int/standards/classifications/international-classification-of-functioning-disability-and-health).","ValueSet/jdv-evaluation-aggir-ph-cisis,ValueSet/jdv-evaluation-aggir-pa-cisis,ValueSet/jdv-resultat-evaluation-cisis"
http://hl7.org/fhir/uv/ips/CodeSystem/absent-unknown-uv-ips,1.1.0,active,,AbsentAndUnknownDataUvIps,Absent and Unknown Data - IPS,"International Patient Summary (IPS) codes for ""known absent"" and ""not known"" data.","ValueSet/jdv-absent-or-unknown-immunization-cisis,ValueSet/jdv-absent-or-unknown-medication-cisis,ValueSet/jdv-absent-or-unknown-allergy-cisis,ValueSet/jdv-absent-or-unknown-procedure-cisis,ValueSet/jdv-absent-or-unknown-devices-cisis,ValueSet/jdv-absent-or-unknown-problem-cisis"
http://id.who.int/icd/release/11/mms,1.0.0,active,,ICD11MMS,International Classification of Diseases, 11th Revision Mortality and Morbidity Statistics (MMS),"The International Classification of Diseases, 11th Revision Mortality and Morbidity Statistics (MMS) is one of the ICD11 linearizations. Information about the ICD Foundation Component and the ICD11 Linearizations can be found in the complete reference guide here: [https://icd.who.int/icd11refguide/en/index.html](https://icd.who.int/icd11refguide/en/index.html)    ""**The ICD11 Linearizations (Tabular lists)**    A linearization is a subset of the foundation component, that is:    1. fit for a particular purpose: reporting mortality, morbidity, primary care or other uses;     2. composed of entities that are Mutually Exclusive of each other;     3. each entity is given a single parent.    Linearization is similar to the classical print versions of ICD Tabular List (e.g. volume I of ICD-10 or other previous editions). The main linearization of ICD-11 is Mortality and Morbidity Statistics (MMS). Various linearizations could be built at different granularity, use case or other purposes such as for Primary Care, Clinical Care or Research. The linkage from the foundation component to a particular linearization will ensure consistent use of the ICD.""    ICD-11 for Mortality and Morbidity (ICD-11 MMS) can be downloaded in either print or electronic (spreadsheet) format from the  browser in the Info tab located [here](https://icd.who.int/browse11/l-m/en)","ValueSet/jdv-cause-accident-domestique-cisis"
http://loinc.org,3.0.1,active,"2.16.840.1.113883.6.1",LOINC,Logical Observation Identifiers, Names and Codes (LOINC),"LOINC provides a set of universal names and ID codes for identifying laboratory and clinical test results.1,2 LOINC facilitates the exchange and pooling of results, such as blood hemoglobin, serum potassium, or vital signs, for clinical care, outcomes management, and research. LOINC's universal identifiers (names and codes) can be used in the context of order and observation exchanges between information systems that use syntax standards such as HL73, CEN TC251, ISO TC215, ASTM4, and DICOM. Specifically, the identifier can be used as the coded value for an observation in any other standard that uses the observation/observation value paradigm, whether messages, documents, application programming interface (API), etc. For example, LOINC codes are used widely in the OBX segment Observation Identifier field (OBX-3) of an ORU HL7 (HL7 version 2.x or ASTM 1238-9410) message that may be sent between a Clinical Laboratory Information Management Systems (LIMS) and Electronic Health Record Systems (EHR).5, 6 In this way, LOINC codes provide universal identifiers that allow the exchange of clinical data between heterogeneous computing environments.","ValueSet/jdv-historique-grossesses-cisis,ValueSet/jdv-nihss-questions-cisis,ValueSet/jdv-nihss-sensibilite-cisis,ValueSet/jdv-observation-grossesse-cisis,ValueSet/jdv-nihss-paralysie-faciale-cisis,ValueSet/jdv-antecedent-obstetrical-obp-cisis,ValueSet/JDV-J157-MomentGlucose-ENS,ValueSet/jdv-score-braden-nutrition-cisis,ValueSet/jdv-nihss-commandes-cisis,ValueSet/jdv-examen-hemostase-aunv-cisis,ValueSet/jdv-evaluation-depression-geriatrique30-cisis,ValueSet/jdv-type-directive-anticipee-cisis,ValueSet/jdv-signe-vital-cs24-cisis,ValueSet/jdv-antecedent-obstetrical-cisis,ValueSet/jdv-investigation-realisee-sunv-cisis,ValueSet/jdv-disposition-pretherapeutique-cisis,ValueSet/jdv-date-accouchement-cisis,ValueSet/jdv-nihss-motricite-membre-superieur-cisis,ValueSet/jdv-nihss-fonction-cisis,ValueSet/JDV-J66-TypeCode-DMP,ValueSet/jdv-type-de-test-realise-ccu-cisis,ValueSet/jdv-mesure-type-verre-delivre-cisis,ValueSet/jdv-nihss-conscience-cisis,ValueSet/jdv-observation-enfant-cisis,ValueSet/jdv-info-deces-cs8-cisis,ValueSet/jdv-score-rankin-cisis,ValueSet/jdv-score-braden-mobilite-cisis,ValueSet/jdv-examen-hemostase-eunv-cisis,ValueSet/jdv-age-gestationnel-cisis,ValueSet/jdv-signe-vital-cisis,ValueSet/jdv-mesure-verre-prescrit-cisis,ValueSet/jdv-examen-biochimie-aunv-cisis,ValueSet/jdv-score-braden-perception-sensorielle-cisis,ValueSet/jdv-type-de-mesure-dispositif-oculaire-cisis,ValueSet/jdv-mesure-type-verre-prescrit-cisis,ValueSet/jdv-type-de-mesure-acuite-visuelle-cisis,ValueSet/jdv-score-braden-humidite-cisis,ValueSet/jdv-type-de-mesure-de-refraction-cisis,ValueSet/jdv-social-history-code-cisis,ValueSet/jdv-nihss-motricite-membre-inferieur-cisis,ValueSet/jdv-score-braden-component-cisis,ValueSet/jdv-mesure-verre-delivre-cisis,ValueSet/jdv-signe-vital-cs8-cisis,ConceptMap/ASS-X16-CorrespondanceType-Classe-DMP,ValueSet/jdv-mesure-lentille-delivree-cisis,ValueSet/jdv-examen-biochimie-eunv-cisis,ValueSet/jdv-examen-hematologie-aunv-cisis,ValueSet/jdv-code-document-imagerie-cisis,ConceptMap/ASS-X04-CorrespondanceType-Classe-CISIS,ValueSet/jdv-addiction-cisis,ValueSet/jdv-bilan-technique-cisis,ValueSet/jdv-section-document-cisis,ValueSet/jdv-evenement-accouchement-cisis,ValueSet/jdv-obp-resultat-evenement-cisis,ValueSet/jdv-nihss-ataxie-cisis,ValueSet/JDV-J154-TypeGlucose-ENS,ValueSet/JDV-J279-Loinc-UPNOS,ValueSet/jdv-nihss-negligence-cisis,ValueSet/jdv-score-braden-friction-cisaillement-cisis,ValueSet/jdv-acte-obp-cisis,ValueSet/jdv-signe-vital-cs9-cisis,ValueSet/jdv-mesure-lentille-prescrite-cisis,ValueSet/jdv-nihss-occulomotricite-cisis,ValueSet/jdv-delimitation-activite-cisis,ValueSet/jdv-trod-examen-cisis,ValueSet/jdv-score-performance-ecog-cisis,ValueSet/jdv-ufcv-code-entree-cisis,ValueSet/jdv-nihss-champ-visuel-cisis,ValueSet/JDV-J07-XdsTypeCode-CISIS,ValueSet/jdv-nihss-dysarthrie-cisis,ValueSet/jdv-resultat-type-cisis,ValueSet/jdv-batterie-examen-cisis,ValueSet/jdv-nihss-langage-cisis,ValueSet/jdv-examen-hematologie-eunv-cisis,ValueSet/jdv-score-braden-activite-cisis"
http://ncicb.nci.nih.gov/xml/owl/EVS/Thesaurus.owl,3.0.0,active,"2.16.840.1.113883.3.26.1.1",NciThesaurus,NCI Thesaurus,"NCI Thesaurus NCI Thesaurus is a biomedical thesaurus created specifically to meet the needs of the cancer research community, especially those engaged in translational research NCI Thesaurus is produced by the NCI Enterprise Vocabulary Services project. The NCI Thesaurus is provided under an open content license.","ValueSet/jdv-methode-de-mesure-acuite-visuelle-cisis"
http://snomed.info/sct,null,active,"2.16.840.1.113883.6.96",SNOMED_CT,SNOMED CT (all versions),"SNOMED CT is the most comprehensive and precise clinical health terminology product in the world, owned and distributed around the world by The International Health Terminology Standards Development Organisation (IHTSDO).","ValueSet/jdv-resultat-depistage-glycemie-cisis,ValueSet/jdv-transfert-mutation-cisis,ValueSet/jdv-artere-anterieure-cisis,ValueSet/jdv-situation-matrimoniale-cisis,ValueSet/jdv-type-garde-cisis,ValueSet/jdv-examen-realise-cisis,ValueSet/jdv-resultat-depistage-cetonemie-cisis,ValueSet/jdv-type-service-cisis,ValueSet/jdv-malformation-antenatale-cisis,ValueSet/jdv-region-anatomique-cisis,ValueSet/jdv-localisation-hemorragie-cerebrale-cisis,ValueSet/jdv-mso-resultat-qualitatif-4-cisis,ValueSet/jdv-lateralite-cisis,ValueSet/jdv-evaluation-depression-geriatrique-resultat-cisis,ValueSet/jdv-oeil-examine-cisis,ValueSet/jdv-destination-transfert-2-cisis,ValueSet/jdv-statut-actuel-diagnostic-cisis,ValueSet/jdv-resultat-depistage-corps-cetoniques-cisis,ValueSet/jdv-type-de-suivi-cisis,ValueSet/jdv-resultat-depistage-rupture-membrane-ph-cisis,ValueSet/jdv-mode-sortie-obp-sem-cisis,ValueSet/jdv-mode-sortie-obp-scm-cisis,ValueSet/jdv-handicap-deficit-dlu-ehpad-cisis,ValueSet/jdv-technique-diagnostic-cisis,ValueSet/jdv-methode-accouchement-cisis,ValueSet/jdv-groupe-rhesus-cisis,ValueSet/jdv-ufcv-localisation-sonde-cisis,ValueSet/jdv-abord-veineux-central-cisis,ValueSet/jdv-prise-en-charge-reguliere-cisis,ValueSet/jdv-circonstance-deces-cisis,ValueSet/jdv-conduite-a-tenir-1-cisis,ValueSet/jdv-lateralite-technique-imagerie-cisis,ValueSet/jdv-resultat-depistage-crp-cisis,ValueSet/jdv-resultat-depistage-leucocyturie-cisis,ValueSet/jdv-ufcv-localisation-defibrillateur-cisis,ValueSet/jdv-methode-de-mesure-acuite-visuelle-cisis,ValueSet/jdv-origine-information-vaccin-rougeole-cisis,ValueSet/jdv-resultat-depistage-cisis,ValueSet/jdv-type-event-indesirable-previsible-cisis,ValueSet/jdv-resultat-depistage-bilirubinemie-cisis,ValueSet/jdv-mesure-lentille-prescrite-cisis,ValueSet/jdv-static-sem-procedure-cisis,ValueSet/jdv-lieu-accouchement-cisis,ValueSet/jdv-statut-document-cisis,ValueSet/jdv-modalite-entree-cisis,ValueSet/jdv-type-presentation-cisis,ValueSet/jdv-resultat-depistage-cholesterol-cisis,ValueSet/jdv-localisation-anesthesie-cisis,ValueSet/jdv-localisation-thrombose-veineuse-cisis,ValueSet/jdv-resultat-depistage-acide-ascorbique-cisis,ValueSet/jdv-type-intubation-cisis,ValueSet/jdv-aide-au-deplacement-cisis,ValueSet/jdv-allergie-vaccin-cisis,ValueSet/jdv-sedentarite-cisis,ValueSet/jdv-cervelet-localisation-cisis,ValueSet/jdv-cdd-fa-cisis,ValueSet/jdv-type-dispositif-oculaire-cisis,ValueSet/jdv-type-directive-anticipee-cisis,ValueSet/jdv-ufcv-lateralite-cisis,ValueSet/jdv-mode-sortie-cisis,ValueSet/jdv-resultat-recherche-hpv-ccu-cisis,ValueSet/jdv-mode-debut-travail-cisis,ValueSet/jdv-acte-prelevement-cisis,ValueSet/jdv-type-acte-post-partum-cisis,ValueSet/jdv-hemisphere-lobaire-cisis,ValueSet/jdv-issue-grossesse-cisis,ValueSet/jdv-rcp-organe-cisis,ValueSet/jdv-presentation-foetale-cisis,ValueSet/jdv-observation-enfant-cisis,ValueSet/JDV-J149-BodySiteBP-ENS,ValueSet/jdv-origine-effet-indesirable-cisis,ValueSet/jdv-type-acte-eunv-cisis,ValueSet/jdv-conduite-a-tenir-2-cisis,ValueSet/jdv-type-produit-sanguin-labile-cisis,ValueSet/jdv-resultat-depistage-proteinurie-cisis,ValueSet/jdv-handicap-deficit-dlu-dom-cisis,ValueSet/JDV-J151-BodySiteBodyTemperature-ENS,ValueSet/jdv-date-consultation-cisis,ValueSet/jdv-motif-echographie-cisis,ValueSet/jdv-type-anesthesie-cisis,ValueSet/jdv-antecedent-personnel-cisis,ValueSet/jdv-localisation-infarctus-cerebral-cisis,ValueSet/jdv-contexte-activite-cisis,ValueSet/jdv-ressource-utilisee-cisis,ValueSet/jdv-interpretation-ecg-cisis,ValueSet/jdv-mode-sortie-obp-snm-cisis,ValueSet/JDV-J148-ReferenceRangeAppliesTo-CISIS,ValueSet/jdv-acces-artere-cisis,ValueSet/jdv-aspect-liquide-amniotique-cisis,ValueSet/jdv-localisation-prelevement-ccu-cisis,ValueSet/jdv-jour-semaine-cisis,ValueSet/jdv-exposition-west-nile-cisis,ValueSet/jdv-lieu-de-vie-cisis,ValueSet/jdv-destination-obp-sne-cisis,ValueSet/jdv-health-status-code-cisis,ValueSet/jdv-collectivite-sujets-a-risque-rougeole-cisis,ValueSet/JDV-J147-MethodHeartrate-ENS,ValueSet/jdv-type-intervention-cisis,ValueSet/jdv-type-anesthesie-apres-naissance-cisis,ValueSet/jdv-statut-tabagique-cisis,ValueSet/jdv-modalite-sortie-esms-cisis,ValueSet/jdv-reference-range-applies-to-cisis,ValueSet/jdv-severite-observation-cisis,ValueSet/JDV-J155-MethodGlucoseSanguin-ENS,ValueSet/jdv-age-cisis,ValueSet/jdv-type-intervention-voie-basse-cisis,ValueSet/jdv-resultat-depistage-glucose-cisis,ValueSet/jdv-mode-naissance-cisis,ValueSet/jdv-motif-mise-a-jour-cisis,ValueSet/jdv-facteur-de-risque-social-cisis,ValueSet/jdv-etat-naissance-cisis,ValueSet/jdv-destination-transfert-cisis,ValueSet/jdv-statut-resultat-cisis,ValueSet/jdv-conduite-a-tenir-3-cisis,ValueSet/jdv-obp-test-audition-cisis,ValueSet/jdv-addition-grandeur-cisis,ValueSet/jdv-modalite-demande-acte-imagerie-cisis,ValueSet/jdv-disposition-pretherapeutique-cisis,ValueSet/jdv-hemisphere-profond-cisis,ValueSet/jdv-mesure-associee-cisis,ValueSet/jdv-autre-symptome-ex-neuro-cisis,ValueSet/jdv-importance-clinique-cisis,ValueSet/jdv-quantite-liquide-amniotique-cisis,ValueSet/jdv-resultat-depistage-urobilinogenurie-cisis,ValueSet/jdv-symptome-avc-cisis,ValueSet/jdv-type-traitement-pps-cisis,ValueSet/jdv-imputabilite-cisis,ValueSet/jdv-resultat-depistage-hematurie-cisis,ValueSet/jdv-mso-resultat-qualitatif-2-cisis,ValueSet/jdv-mode-de-vie-cisis,ValueSet/jdv-orientation-base-du-prisme-cisis,ValueSet/jdv-mode-accouchement-cisis,ValueSet/jdv-mesure-lentille-delivree-cisis,ValueSet/jdv-ufcv-voie-abord-cisis,ValueSet/jdv-artere-tronc-cisis,ValueSet/jdv-ufcv-stade-nyha-cisis,ValueSet/jdv-immunization-approach-site-code-cisis,ValueSet/jdv-facteur-risque-rougeole-cisis,ValueSet/jdv-resultat-depistage-nitriturie-cisis,ValueSet/jdv-statut-grossesse-cisis,ValueSet/jdv-site-intervention-cisis,ValueSet/jdv-traitement-preventif-cisis,ValueSet/jdv-gravite-cisis,ValueSet/jdv-lateralite-manuelle-cisis,ValueSet/jdv-resultat-depistage-bilirubinurie-cisis,ValueSet/jdv-localisation-anatomique-cisis,ValueSet/jdv-type-de-distance-de-visualisation-cisis,ValueSet/jdv-type-traitement-frcp-cisis,ValueSet/jdv-artere-cervelet-cisis,ValueSet/jdv-ufcv-composant-prothese-valvulaire-cisis,ValueSet/jdv-autre-risque-cisis,ValueSet/jdv-traitement-soins-frcp-cisis,ValueSet/jdv-realisation-activite-cisis,ValueSet/jdv-rcp-appareil-cisis,ValueSet/jdv-investigation-realisee-cisis,ValueSet/jdv-type-anesthesie-avant-naissance-cisis,ValueSet/jdv-observation-etat-patient-cisis,ValueSet/jdv-appreciation-diagnostic-centre-cisis,ValueSet/jdv-score-asa-cisis,ValueSet/jdv-cas-sporadique-familial-cisis,ValueSet/jdv-depistage-neonatal-cisis,ValueSet/jdv-resultat-qualitatif-cisis,ValueSet/jdv-etiologie-avc-cisis,ValueSet/jdv-facteur-de-risque-professionnel-cisis,ValueSet/jdv-statut-evt-cisis,ValueSet/jdv-taille-cisis,ValueSet/jdv-contre-indication-cisis,ValueSet/jdv-objectif-activite-cisis,ValueSet/jdv-serotype-dengue-cisis,ValueSet/jdv-mso-resultat-qualitatif-3-cisis,ValueSet/jdv-abord-veineux-peripherique-cisis,ValueSet/jdv-modificateur-topographique-cisis,ValueSet/jdv-modalite-sortie-cisis,ValueSet/jdv-autre-symptome-avc-cisis,ValueSet/jdv-geste-reanimation-nouveau-ne-cisis,ValueSet/jdv-human-substance-administration-site-cisis,ValueSet/jdv-etat-perinee-cisis,ValueSet/jdv-artere-posterieure-cisis,ValueSet/jdv-patho-1ere-semaine-cs8-cisis,ValueSet/jdv-deplacement-cisis,ValueSet/jdv-etat-psychique-cisis,ValueSet/jdv-impact-mutation-cisis,ValueSet/jdv-mode-sortie-obp-sne-cisis,ValueSet/jdv-topo-trouble-cisis,ValueSet/jdv-score-mallampati-cisis,ValueSet/jdv-type-traitement-iv-cisis,ValueSet/jdv-lieu-contact-rougeole-cisis,ValueSet/jdv-recherche-aghbs-cisis,ValueSet/jdv-evolution-cisis,ValueSet/jdv-type-analgesie-cisis,ValueSet/jdv-gestion-effet-secondaire-cisis,ValueSet/jdv-deficience-physique-cisis,ValueSet/jdv-evolution-rougeole-cisis,ValueSet/jdv-score-cormack-cisis,ValueSet/jdv-difficulte-cisis,ValueSet/jdv-acte-obp-cisis,ValueSet/JDV-J161-Lateralite-CISIS,ValueSet/jdv-evaluation-douleur-cisis,ValueSet/jdv-reperage-trouble-neurodeveloppement-cisis,ValueSet/jdv-mso-resultat-qualitatif-cisis,ValueSet/jdv-type-evenement-indesirable-previsible-cisis,ValueSet/jdv-code-probleme-cisis,ValueSet/jdv-mso-resultat-qualitatif-5-cisis"
http://terminology.hl7.org/CodeSystem/allergyintolerance-clinical,1.0.1,active,"2.16.840.1.113883.4.642.1.1373",AllergyIntoleranceClinicalStatusCodes,AllergyIntolerance Clinical Status Codes,"Preferred value set for AllergyIntolerance Clinical Status.","ValueSet/jdv-hl7-allergyintolerance-clinical-cisis"
http://terminology.hl7.org/CodeSystem/condition-clinical,3.0.0,active,"2.16.840.1.113883.4.642.1.1074",ConditionClinicalStatusCodes,Condition Clinical Status Codes,"Preferred value set for Condition Clinical Status.","ValueSet/jdv-hl7-condition-clinical-cisis"
http://terminology.hl7.org/CodeSystem/condition-ver-status,2.0.1,active,"2.16.840.1.113883.4.642.1.1075",ConditionVerificationStatus,ConditionVerificationStatus,"The verification status to support or decline the clinical status of the condition or diagnosis.","ValueSet/jdv-hl7-condition-ver-status-cisis"
http://terminology.hl7.org/CodeSystem/icd-o-3,2.0.1,active,"2.16.840.1.113883.6.43.1",IcdO3,International Classification of Diseases for Oncology, version 3.,"International Classification of Diseases for Oncology, version 3. For more information see http://www.who.int/classifications/icd/adaptations/oncology/en/.","ValueSet/jdv-morphologie-cisis"
http://terminology.hl7.org/CodeSystem/v2-0066,3.0.0,active,"2.16.840.1.113883.18.26",EmploymentStatus,employmentStatus,"HL7-defined code system of concepts which specify an employment status of a person. Used in HL7 Version 2 messaging in the GT1 segment.","ValueSet/jdv-hl7-v2-0066-cisis"
http://terminology.hl7.org/CodeSystem/v2-0487,3.0.0,active,"2.16.840.1.113883.18.311",SpecimenType,specimenType,"HL7-defined code system of concepts that describe the precise nature of an entity that may be used as the source material for an observation.  This is one of two code systems that are used instead of table 0070 (code system 2.16.840.1.113883.18.28) which conflated specimen types and specimen collection methods.   Used in HL7 Version 2.x messaging in the SPM segment.","ValueSet/jdv-specimen-type-chikungunya-cisis,ValueSet/jdv-specimen-type-cisis,ValueSet/jdv-specimen-type-westnile-cisis,ValueSet/jdv-specimen-type-dengue-cisis,ValueSet/jdv-specimen-type-zika-cisis,ValueSet/jdv-specimen-type-rougeole-cisis"
http://terminology.hl7.org/CodeSystem/v2-0488,3.0.0,active,"2.16.840.1.113883.18.312",SpecimenCollectionMethod,specimenCollectionMethod,"HL7-defined code system of concepts specifying the specimen collection method.  Used in HL7 Version 2.x messaging in the SPM segment.","ValueSet/jdv-hl7-v2-0488-cisis"
http://terminology.hl7.org/CodeSystem/v3-ActCode,10.0.0,active,"2.16.840.1.113883.5.4",ActCode,ActCode,"A code specifying the particular kind of Act that the Act-instance represents within its class.    *Constraints:* The kind of Act (e.g. physical examination, serum potassium, inpatient encounter, charge financial transaction, etc.) is specified with a code from one of several, typically external, coding systems. The coding system will depend on the class of Act, such as LOINC for observations, etc.    Conceptually, the Act.code must be a specialization of the Act.classCode. This is why the structure of ActClass domain should be reflected in the superstructure of the ActCode domain and then individual codes or externally referenced vocabularies subordinated under these domains that reflect the ActClass structure.    Act.classCode and Act.code are not modifiers of each other but the Act.code concept should really imply the Act.classCode concept. For a negative example, it is not appropriate to use an Act.code ""potassium"" together with and Act.classCode for ""laboratory observation"" to somehow mean ""potassium laboratory observation"" and then use the same Act.code for ""potassium"" together with Act.classCode for ""medication"" to mean ""substitution of potassium"". This mutually modifying use of Act.code and Act.classCode is not permitted.","ValueSet/jdv-hl7-v3-SeverityObservationCode-cisis,ValueSet/jdv-hl7-v3-ActEncounterCode-cisis,ValueSet/jdv-hl7-v3-ActPharmacySupplyType-cisis,ValueSet/jdv-hl7-v3-ROIOverlayShape-cisis,ValueSet/jdv-completude-dispensation-cisis,ValueSet/jdv-hl7-v3-ActSubstanceAdministrationImmunizationCode-cisis,ValueSet/jdv-hl7-v3-ActSubstanceAdministrationCode-cisis,ValueSet/jdv-encompassing-encounter-code-cisis,ValueSet/jdv-modalite-sortie-esms-cisis"
http://terminology.hl7.org/CodeSystem/v3-ActMood,4.0.0,active,"2.16.840.1.113883.5.1001",ActMood,ActMood,"OpenIssue: In Ballot 2009May, a strong Negative vote was lodged against several of the concept definitions in the vocabulary used for Act.moodCode. The vote was found ""Persuasive With Mod"", with the understanding that M and M would undertake a detailed review of these concept definitions for a future release of the RIM.","ValueSet/jdv-hl7-v3-ActMood-cisis,ValueSet/jdv-hl7-v3-xActMoodDocumentObservation,ValueSet/jdv-hl7-v3-ActMoodIntent-cisis"
http://terminology.hl7.org/CodeSystem/v3-ActPriority,4.0.0,active,"2.16.840.1.113883.5.7",ActPriority,ActPriority,"A set of codes (e.g., for routine, emergency), specifying the urgency under which the Act happened, can happen, is happening, is intended to happen, or is requested/demanded to happen.","ValueSet/jdv-hl7-v3-ActPriority-cisis"
http://terminology.hl7.org/CodeSystem/v3-ActStatus,4.0.0,active,"2.16.840.1.113883.5.14",ActStatus,ActStatus,"Codes representing the defined possible states of an Act, as defined by the Act class state machine.","ValueSet/jdv-hl7-v3-ActStatus-cisis"
http://terminology.hl7.org/CodeSystem/v3-AdministrativeGender,4.0.0,active,"2.16.840.1.113883.5.1",AdministrativeGender,AdministrativeGender,"The gender of a person used for adminstrative purposes (as opposed to clinical gender)","ValueSet/jdv-hl7-v3-AdministrativeGender-cisis,ValueSet/jdv-reference-range-applies-to-cisis"
http://terminology.hl7.org/CodeSystem/v3-Confidentiality,4.0.0,active,"2.16.840.1.113883.5.25",Confidentiality,Confidentiality,"A set of codes specifying the security classification of acts and roles in accordance with the definition for concept domain ""Confidentiality"".","ValueSet/jdv-hl7-v3-xBasicConfidentialityKind-cisis,ValueSet/jdv-hl7-v2-0952-cisis"
http://terminology.hl7.org/CodeSystem/v3-EntityCode,4.0.0,active,"2.16.840.1.113883.5.1060",EntityCode,EntityCode,"*OpenIssue:* Missing description.","ValueSet/jdv-hl7-v3-SpecimenAdditiveEntity-cisis"
http://terminology.hl7.org/CodeSystem/v3-ObservationInterpretation,4.0.0,active,"2.16.840.1.113883.5.83",ObservationInterpretation,ObservationInterpretation,"One or more codes providing a rough qualitative interpretation of the observation, such as ""normal"" / ""abnormal"", ""low"" / ""high"", ""better"" / ""worse"", ""resistant"" / ""susceptible"", ""expected"" / ""not expected"". The value set is intended to be for ANY use where coded representation of an interpretation is needed.","ValueSet/jdv-indicateur-anormalite-cisis,ValueSet/jdv-hl7-v3-ObservationInterpretation-cisis"
http://terminology.hl7.org/CodeSystem/v3-ObservationMethod,4.0.0,active,"2.16.840.1.113883.5.84",ObservationMethod,ObservationMethod,"A code that provides additional detail about the means or technique used to ascertain the observation.    *Examples:* Blood pressure measurement method: arterial puncture vs. sphygmomanometer (Riva-Rocci), sitting vs. supine position, etc.    *OpenIssue:* Description copied from Concept Domain of same name. Must be verified. Note that the Domain has a full discussion about use of the attribute and constraining that is not appropriate for the code system description. Needs to be improved.","ValueSet/jdv-hl7-v3-ObservationMethod-cisis"
http://terminology.hl7.org/CodeSystem/v3-ObservationValue,5.0.0,active,"2.16.840.1.113883.5.1063",ObservationValue,ObservationValue,"This code system covers all concepts of HL7-defined values for the Observation value element, when it has a coded datatype.","ValueSet/jdv-hl7-v3-WorkScheduleODH-cisis,ValueSet/jdv-hl7-v3-employmentStatusODH-cisis"
http://terminology.hl7.org/CodeSystem/v3-ParticipationFunction,4.0.0,active,"2.16.840.1.113883.5.88",ParticipationFunction,ParticipationFunction,"This code is used to specify the exact function an actor had in a service in all necessary detail. This domain may include local extensions (CWE).","ValueSet/jdv-hl7-v3-ParticipationFunction-cisis"
http://terminology.hl7.org/CodeSystem/v3-ParticipationType,6.0.0,active,"2.16.840.1.113883.5.90",ParticipationType,ParticipationType,"A code specifying the meaning and purpose of every Participation instance. Each of its values implies specific constraints on the Roles undertaking the participation.","ValueSet/jdv-participant-additionnel-resultat-cisis,ValueSet/jdv-hl7-v3-ParticipationType-cisis,ValueSet/jdv-participant-resultat-cisis"
http://terminology.hl7.org/CodeSystem/v3-RoleClass,5.0.0,active,"2.16.840.1.113883.5.110",RoleClass,RoleClass,"Codes for the Role class hierarchy. The values in this hierarchy, represent a Role which is an association or relationship between two entities - the entity that plays the role and the entity that scopes the role. Roles names are derived from the name of the playing entity in that role.    The role hierarchy stems from three core concepts, or abstract domains:     *  **RoleClassOntological** is an abstract domain that collects roles in which the playing entity is defined or specified by the scoping entity.   *  **RoleClassPartitive** collects roles in which the playing entity is in some sense a ""part"" of the scoping entity.   *  **RoleClassAssociative** collects all of the remaining forms of association between the playing entity and the scoping entity. This set of roles is further partitioned between:             *  **RoleClassPassive** which are roles in which the playing entity is used, known, treated, handled, built, or destroyed, etc. under the auspices of the scoping entity. The playing entity is passive in these roles in that the role exists without an agreement from the playing entity.       *  **RoleClassMutualRelationship** which are relationships based on mutual behavior of the two entities. The basis of these relationship may be formal agreements or they may be *de facto* behavior. Thus, this sub-domain is further divided into:                     *  **RoleClassRelationshipFormal** in which the relationship is formally defined, frequently by a contract or agreement.           *  **Personal relationship** which inks two people in a personal relationship.    The hierarchy discussed above is represented In the current vocabulary tables as a set of abstract domains, with the exception of the ""Personal relationship"" which is a leaf concept.    *OpenIssue:* Description copied from Concept Domain of same name. Must be verified.","ValueSet/jdv-hl7-v3-RoleClassIngredientEntity-cisis,ValueSet/jdv-role-informateur-cisis"
http://terminology.hl7.org/CodeSystem/v3-RoleCode,4.0.0,active,"2.16.840.1.113883.5.111",RoleCode,RoleCode,"A set of codes further specifying the kind of Role; specific classification codes for further qualifying RoleClass codes.","ValueSet/jdv-famille-id-cisis,ValueSet/jdv-hl7-v3-CoverageRoleType-cisis,ValueSet/jdv-lien-assure-beneficiaire-cisis,ValueSet/jdv-famille-femme-cisis,ValueSet/jdv-hl7-v3-SpecimenRoleType-cisis,ValueSet/jdv-hl7-v3-PersonalRelationshipRoleType-cisis"
http://terminology.hl7.org/CodeSystem/v3-SpecimenType,4.0.0,active,"2.16.840.1.113883.5.129",SpecimenType,SpecimenType,"**** MISSING DESCRIPTION ****","ValueSet/jdv-specimen-type-chikungunya-cisis,ValueSet/jdv-specimen-type-cisis,ValueSet/jdv-specimen-type-zika-cisis,ValueSet/jdv-specimen-type-rougeole-cisis"
http://terminology.hl7.org/CodeSystem/v3-TimingEvent,4.0.0,active,"2.16.840.1.113883.5.139",TimingEvent,TimingEvent,"**** MISSING DESCRIPTION ****","ValueSet/jdv-hl7-v3-TimingEvent-cisis"
http://terminology.hl7.org/CodeSystem/v3-mediaType,4.0.0,active,"2.16.840.1.113883.5.79",MediaType,Media Type,"Internet Assigned Numbers Authority (IANA) Mime Media Types. Identifies the type of the encapsulated data and identifies a method to interpret or render the data. The IANA defined domain of media types is established by the Internet standard RFC 2045 \[http://www.ietf.org/rfc/rfc2045.txt\] and 2046 \[http://www.ietf.org/rfc/rfc2046.txt\]. RFC 2046 defines the media type to consist of two parts:    1.  top level media type, and  2.  media subtype    However, this HL7 datatypes specification treats the entire media type as one atomic code symbol in the form defined by IANA, i.e., top level type followed by a slash ""/"" followed by media subtype. Currently defined media types are registered in a database \[http://www.iana.org/assignments/media-types/index.html\] maintained by IANA. Currently several hundred different MIME media types are defined, with the list growing rapidly. In general, all those types defined by the IANA MAY be used.","ValueSet/jdv-mediatype-corps-cda-non-structure-cisis,ValueSet/jdv-hl7-v3-MediaType-cisis"
http://terminology.hl7.org/CodeSystem/v3-orderableDrugForm,4.0.0,active,"2.16.840.1.113883.5.85",OrderableDrugForm,Orderable Drug Form,"*OpenIssue:* Missing description.","ValueSet/jdv-hl7-v3-AdministrableDrugForm-cisis"
http://terminology.hl7.org/CodeSystem/v3-substanceAdminSubstitution,4.0.0,active,"2.16.840.1.113883.5.1070",SubstanceAdminSubstitution,Substance Admin Substitution,"Identifies what sort of change is permitted or has occurred between the therapy that was ordered and the therapy that was/will be provided.","ValueSet/jdv-hl7-v3-ActSubstanceAdminSubstitutionCode-cisis"
http://unitsofmeasure.org,3.0.1,active,"2.16.840.1.113883.6.8",UCUM,Unified Code for Units of Measure (UCUM),"The Unified Code for Units of Measure (UCUM) is a code system intended to include all units of measures being contemporarily used in international science, engineering, and business. The purpose is to facilitate unambiguous electronic communication of quantities together with their units. The focus is on electronic communication, as opposed to communication between humans. A typical application of The Unified Code for Units of Measure are electronic data interchange (EDI) protocols, but there is nothing that prevents it from being used in other types of machine communication.","ValueSet/JDV-J37-UcumUniteTemps,ValueSet/JDV-J49-UcumUniteLongueur,ValueSet/JDV-J278-UcumUniteMesure-UPNOS,ValueSet/JDV-J163-GlucoseUnits-ENS"
http://www.whocc.no/atc,2.0.1,active,"2.16.840.1.113883.6.73",WC,WHO ATC,"WHO ATC","ValueSet/jdv-vaccin-cse9-cisis,ValueSet/jdv-vaccin-cse24-cisis,ValueSet/jdv-disposition-pretherapeutique-cisis,ValueSet/jdv-immunisation-vrs-cisis,ValueSet/jdv-classe-therapie-cisis,ValueSet/jdv-allergie-vaccin-cisis,ValueSet/jdv-vaccin-cse8-cisis"
https://mos.esante.gouv.fr/NOS/TRE_A00-ProducteurDocNonPS/FHIR/TRE-A00-ProducteurDocNonPS,20240329120000,active,"1.2.250.1.213.1.1.4.6",TRE_A00_ProducteurDocNonPS,,"Producteur de document non PS","ValueSet/JDV-J59-ContentTypeCode-DMP,ValueSet/JDV-J04-XdsPracticeSettingCode-CISIS,ValueSet/JDV-J62-PracticeSettingCode-DMP,ValueSet/JDV-J05-SubjectRole-CISIS,ValueSet/jdv-type-systeme-cisis,ValueSet/JDV-J03-XdsContentTypeCode-CISIS,ValueSet/JDV-J02-XdsHealthcareFacilityTypeCode-CISIS,ValueSet/JDV-J61-HealthcareFacilityTypeCode-DMP,ValueSet/JDV-J65-SubjectRole-DMP,ValueSet/JDV-J01-XdsAuthorSpecialty-CISIS,ValueSet/JDV-J56-AuthorSpecialty-DMP"
https://mos.esante.gouv.fr/NOS/TRE_A01-CadreExercice/FHIR/TRE-A01-CadreExercice,20240927120000,active,"1.2.250.1.213.1.1.4.9",TRE_A01_CadreExercice,,"Cadre d'exercice","ValueSet/JDV-J04-XdsPracticeSettingCode-CISIS,ValueSet/JDV-J62-PracticeSettingCode-DMP,ValueSet/jdv-j387-role-participant-ms"
https://mos.esante.gouv.fr/NOS/TRE_A02-ProfessionSavFaire-CISIS/FHIR/TRE-A02-ProfessionSavFaire-CISIS,20260202120000,active,"1.2.250.1.213.1.1.4.5",TRE_A02_ProfessionSavFaire_CISIS,,"Profession et savoir-faire CI-SIS","ValueSet/jdv-avis-medical-complementaire-cisis,ValueSet/jdv-readaptation-cisis,ValueSet/jdv-profession-personnel-activite-cisis,ValueSet/jdv-patient-adresse-par-cisis,ValueSet/JDV-J01-XdsAuthorSpecialty-CISIS,ValueSet/JDV-J56-AuthorSpecialty-DMP"
https://mos.esante.gouv.fr/NOS/TRE_A03-ClasseDocument/FHIR/TRE-A03-ClasseDocument,20231215120000,active,"1.2.250.1.213.1.1.4.1",TRE_A03_ClasseDocument,,"Classe de document","ValueSet/JDV-J57-ClassCode-DMP,ConceptMap/ASS-X04-CorrespondanceType-Classe-CISIS,ValueSet/JDV-J06-XdsClassCode-CISIS,ConceptMap/ASS-X16-CorrespondanceType-Classe-DMP"
https://mos.esante.gouv.fr/NOS/TRE_A05-TypeDocComplementaire/FHIR/TRE-A05-TypeDocComplementaire,20240329120000,active,"1.2.250.1.213.1.1.4.12",TRE_A05_TypeDocComplementaire,,"Type de document en complément des nomenclatures internationales","ConceptMap/ASS-X04-CorrespondanceType-Classe-CISIS,ValueSet/JDV-J66-TypeCode-DMP,ValueSet/JDV-J07-XdsTypeCode-CISIS,ConceptMap/ASS-X16-CorrespondanceType-Classe-DMP"
https://mos.esante.gouv.fr/NOS/TRE_A06-FormatCodeComplementaire/FHIR/TRE-A06-FormatCodeComplementaire,20260629120000,active,"1.2.250.1.213.1.1.4.2.282",TRE_A06_FormatCodeComplementaire,,"formatCode en complément des nomenclatures internationales","ValueSet/JDV-J60-FormatCode-DMP,ValueSet/JDV-J10-XdsFormatCode-CISIS,ConceptMap/ASS-A11-CorresModeleCDA-XdsFormatCode-CISIS"
https://mos.esante.gouv.fr/NOS/TRE_A07-StatutVisibiliteDocument/FHIR/TRE-A07-StatutVisibiliteDocument,20231215120000,active,"1.2.250.1.213.1.1.4.13",TRE_A07_StatutVisibiliteDocument,,"Restriction d'audience applicable aux objets référencés","ValueSet/JDV-J110-StatutVisibiliteDocument-CISIS,ValueSet/JDV-J22-RestrictionAudienceVIHF-CISIS,ValueSet/JDV-J58-ConfidentialityCode-DMP,ValueSet/JDV-J64-RestrictionAudienceVIHF-DMP,ValueSet/JDV-J08-XdsConfidentialityCode-CISIS"
https://mos.esante.gouv.fr/NOS/TRE_A08-HL7Confidentiality/FHIR/TRE-A08-HL7Confidentiality,20231215120000,active,"2.16.840.1.113883.5.25",TRE_A08_HL7Confidentiality,,"HL7 confidentiality","ValueSet/JDV-J58-ConfidentialityCode-DMP,ValueSet/JDV-J08-XdsConfidentialityCode-CISIS"
https://mos.esante.gouv.fr/NOS/TRE_A09-DICOMuidRegistry/FHIR/TRE-A09-DICOMuidRegistry,20231215120000,active,"1.2.840.10008.2.6.1",TRE_A09_DICOMuidRegistry,,"DICOM UID Registry","ValueSet/JDV-J60-FormatCode-DMP,ValueSet/JDV-J10-XdsFormatCode-CISIS"
https://mos.esante.gouv.fr/NOS/TRE_A10-NomenclatureURN/FHIR/TRE-A10-NomenclatureURN,20231215120000,active,"URN",TRE_A10_NomenclatureURN,,"Nomenclature identifiée par URN","ValueSet/JDV-J57-ClassCode-DMP,ValueSet/JDV-J60-FormatCode-DMP,ConceptMap/ASS-X04-CorrespondanceType-Classe-CISIS,ValueSet/JDV-J06-XdsClassCode-CISIS,ValueSet/JDV-J10-XdsFormatCode-CISIS,ConceptMap/ASS-X16-CorrespondanceType-Classe-DMP"
https://mos.esante.gouv.fr/NOS/TRE_A11-IheFormatCode/FHIR/TRE-A11-IheFormatCode,20240426120000,active,"1.3.6.1.4.1.19376.1.2.3",TRE_A11_IheFormatCode,,"IHE formatCode","ValueSet/JDV-J60-FormatCode-DMP,ValueSet/JDV-J10-XdsFormatCode-CISIS,ConceptMap/ASS-A11-CorresModeleCDA-XdsFormatCode-CISIS,ConceptMap/ASS-A12-CorresMediaTypeCDANonStructure-XdsFormatCode-CISIS"
https://mos.esante.gouv.fr/NOS/TRE_A12-NomenclatureASTM/FHIR/TRE-A12-NomenclatureASTM,20231215120000,active,"ASTM",TRE_A12_NomenclatureASTM,,"Nomenclature identifiée par ASTM","ConceptMap/ASS-X04-CorrespondanceType-Classe-CISIS,ValueSet/JDV-J66-TypeCode-DMP,ValueSet/JDV-J07-XdsTypeCode-CISIS,ConceptMap/ASS-X16-CorrespondanceType-Classe-DMP"
https://mos.esante.gouv.fr/NOS/TRE_A13-HL7ParticipationType/FHIR/TRE-A13-HL7ParticipationType,20231215120000,active,"2.16.840.1.113883.5.90",TRE_A13_HL7ParticipationType,,"HL7 Type de participation","ValueSet/JDV-J140-EncounterParticipationType-CISIS,ValueSet/JDV-J144-ParticipationType-CISIS"
https://mos.esante.gouv.fr/NOS/TRE_G00-Langue/FHIR/TRE-G00-Langue,20240927120000,active,"1.2.250.1.71.2.10",TRE_G00_Langue,,"Langue","ValueSet/JDV-J82-Langue-RASS,ValueSet/JDV-J115-Langue-ENREG"
https://mos.esante.gouv.fr/NOS/TRE_G05-SousSectionTableauCNOP/FHIR/TRE-G05-SousSectionTableauCNOP,20231215120000,active,"1.2.250.1.71.4.2.6",TRE_G05_SousSectionTableauCNOP,,"Sous-Section du tableau de l'Ordre des Pharmaciens","ValueSet/JDV-J05-SubjectRole-CISIS,ValueSet/JDV-J65-SubjectRole-DMP,ValueSet/JDV-J73-MetierPharmacien-RASS"
https://mos.esante.gouv.fr/NOS/TRE_G07-TypeIdentifiantStructure/FHIR/TRE-G07-TypeIdentifiantStructure,20240329120000,active,"1.2.250.1.71.1.2.14",TRE_G07_TypeIdentifiantStructure,,"Type d'identifiant de structure","ValueSet/JDV-J104-TypeIdentifiantStructure-RASS,ValueSet/JDV-J236-TypeIdentifiant-ROR"
https://mos.esante.gouv.fr/NOS/TRE_G08-TypeIdentifiantPersonne/FHIR/TRE-G08-TypeIdentifiantPersonne,20240329120000,active,"1.2.250.1.71.1.2.15",TRE_G08_TypeIdentifiantPersonne,,"Type d'identifiant de personne","ValueSet/JDV-J236-TypeIdentifiant-ROR,ValueSet/JDV-J77-TypeIdentifiantPersonne-RASS"
https://mos.esante.gouv.fr/NOS/TRE_G09-DepartementOM/FHIR/TRE-G09-DepartementOM,20260505120000,active,"1.2.250.1.71.1.2.16",TRE_G09_DepartementOM,,"Référentiel des codes départements et collectivités d’outre-mer provenant du COG INSEE + Monaco. Cette TRE possède des propriétés spécifiques : Autorite Epars, pour indiquer le/ les ARS du département (tre-r396-autorite) et region pour indiquer le code de la région du département (TRE-R30-RegionOM)","ConceptMap/ASS-A29-Departement-AE,ValueSet/JDV-J248-DepartementOM-ROR,ValueSet/JDV-J84-DepartementOM-RASS,ConceptMap/ASS-X09-DepartementOM-RegionOM,ValueSet/JDV-J167-DepartementOM-EPARS,ValueSet/JDV-J258-Departement"
https://mos.esante.gouv.fr/NOS/TRE_G13-OrientationParticuliere/FHIR/TRE-G13-OrientationParticuliere,20231215120000,active,"1.2.250.1.213.2.31",TRE_G13_OrientationParticuliere,,"Orientation particulière","ValueSet/JDV-J107-EnsembleSavoirFaire-RASS,ValueSet/JDV-J212-OrientationParticuliere-ROR"
https://mos.esante.gouv.fr/NOS/TRE_G15-ProfessionSante/FHIR/TRE-G15-ProfessionSante,20250328120000,active,"1.2.250.1.71.1.2.7",TRE_G15_ProfessionSante,,"Professions de santé définies par le code de la santé publique : professions médicales (art. L4111-1 à L4163-10), de la pharmacie et de la physique médicale (art. 4211-1 à 4252-3) et d’auxiliaires médicaux (art. 4311-1 à 4394-3)","ValueSet/JDV-J166-Profession-EPARS,ValueSet/JDV-J24-ProfessionAuteurNote-CISIS,ConceptMap/ASS-A30-TypeAutorisation-Profession-EPARS,ValueSet/JDV-J05-SubjectRole-CISIS,ValueSet/JDV-J229-ProfessionSante-ROR,ValueSet/JDV-J71-ProfessionFonction-MSSante,ValueSet/JDV-J186-ProfessionRessource-ROR,ValueSet/JDV-J239-SpecialitesSNP-SAS,ValueSet/JDV-J65-SubjectRole-DMP,ValueSet/JDV-J106-EnsembleProfession-RASS,ValueSet/JDV-J54-Profession-ROR"
https://mos.esante.gouv.fr/NOS/TRE_G16-ProfessionFormation/FHIR/TRE-G16-ProfessionFormation,20231215120000,active,"1.2.250.1.71.1.2.8",TRE_G16_ProfessionFormation,,"Professions en formation (carte CPF)","ValueSet/JDV-J05-SubjectRole-CISIS,ValueSet/JDV-J65-SubjectRole-DMP"
https://mos.esante.gouv.fr/NOS/TRE_G19-SecteurActiviteADELI/FHIR/TRE-G19-SecteurActiviteADELI,20250523120000,active,"1.2.250.1.71.1.2.23",TRE_G19_SecteurActiviteADELI,,"Secteur d'activité ADELI","ConceptMap/ASS-X02-TranscoSectActADELI-SectAct"
https://mos.esante.gouv.fr/NOS/TRE_R01-EnsembleSavoirFaire-CISIS/FHIR/TRE-R01-EnsembleSavoirFaire-CISIS,20260202120000,active,"1.2.250.1.71.4.2.5",TRE_R01_EnsembleSavoirFaire_CISIS,,"Ensemble Savoir-faire CI-SIS (TRE provisoire)","ValueSet/JDV-J05-SubjectRole-CISIS,ValueSet/JDV-J65-SubjectRole-DMP,ConceptMap/ASS-X08-TranscoSavoirFaireR01-SavoirFaire"
https://mos.esante.gouv.fr/NOS/TRE_R02-SecteurActivite/FHIR/TRE-R02-SecteurActivite,20250523120000,active,"1.2.250.1.71.4.2.4",TRE_R02_SecteurActivite,,"Le secteur d'activité de santé est une donnée RPPS et correspond au type de service fourni par une structure. Il sert principalement à déterminer les propriétés de facturation des professionnels de ces structures vis-à-vis de l'assurance maladie","ValueSet/JDV-J59-ContentTypeCode-DMP,ValueSet/JDV-J172-SecteurActivite-EPARS,ConceptMap/ASS-X02-TranscoSectActADELI-SectAct,ValueSet/JDV-J03-XdsContentTypeCode-CISIS,ValueSet/JDV-J02-XdsHealthcareFacilityTypeCode-CISIS,ValueSet/JDV-J101-SecteurActivite-RASS,ValueSet/JDV-J61-HealthcareFacilityTypeCode-DMP,ValueSet/jdv-j377-categorie-entite-geographique-exercice-ror,ValueSet/JDV-J55-CategorieEG-ROR,ValueSet/JDV-J126-SecteurActivite-ENREG"
https://mos.esante.gouv.fr/NOS/TRE_R03-AttributionParticuliere/FHIR/TRE-R03-AttributionParticuliere,20231215120000,active,"1.2.250.1.71.1.2.27",TRE_R03_AttributionParticuliere,,"Attribution particulière","ValueSet/JDV-J90-AttributionParticuliere-RASS"
https://mos.esante.gouv.fr/NOS/TRE_R04-TypeSavoirFaire/FHIR/TRE-R04-TypeSavoirFaire,20251016120000,active,"1.2.250.1.213.1.6.1.16",TRE_R04_TypeSavoirFaire,,"Type de savoir-faire","ValueSet/JDV-J209-TypeSavoirFaire-ROR,ValueSet/JDV-J91-TypeSavoirFaire-RASS"
https://mos.esante.gouv.fr/NOS/TRE_R06-SectionTableauCNOP/FHIR/TRE-R06-SectionTableauCNOP,20231215120000,active,"1.2.250.1.213.2.37",TRE_R06_SectionTableauCNOP,,"Section du tableau de l'Ordre des Pharmaciens","ValueSet/JDV-J73-MetierPharmacien-RASS"
https://mos.esante.gouv.fr/NOS/TRE_R09-CategorieProfessionnelle/FHIR/TRE-R09-CategorieProfessionnelle,20260223120000,active,"1.2.250.1.213.1.6.1.10",TRE_R09_CategorieProfessionnelle,,"Catégorie professionnelle","ValueSet/JDV-J89-CategorieProfessionnelle-RASS,ValueSet/JDV-J118-CategorieProfessionnelle-ENREG"
https://mos.esante.gouv.fr/NOS/TRE_R10-SexeAdministratif/FHIR/TRE-R10-SexeAdministratif,20231215120000,active,"1.2.250.1.213.2.27",TRE_R10_SexeAdministratif,,"Sexe administratif","ValueSet/JDV-J112-SexeAdministratif-ENREG"
https://mos.esante.gouv.fr/NOS/TRE_R11-CiviliteExercice/FHIR/TRE-R11-CiviliteExercice,20231215120000,active,"1.2.250.1.213.1.6.1.11",TRE_R11_CiviliteExercice,,"Civilité d'exercice","ValueSet/JDV-J208-CiviliteExercice-ROR,ValueSet/JDV-J246-Titre-CISIS,ValueSet/JDV-J12-CiviliteTitre-CISIS,ValueSet/JDV-J79-CiviliteExercice-RASS"
https://mos.esante.gouv.fr/NOS/TRE_R13-CommuneOM/FHIR/TRE-R13-CommuneOM,20260505120000,active,"1.2.250.1.213.2.23",TRE_R13_CommuneOM,,"","ValueSet/JDV-J120-CommuneHistorisee,ValueSet/JDV-J124-Commune"
https://mos.esante.gouv.fr/NOS/TRE_R14-TypeDiplome/FHIR/TRE-R14-TypeDiplome,20240329120000,active,"1.2.250.1.213.1.6.1.36",TRE_R14_TypeDiplome,,"Type de diplôme","ValueSet/JDV-J81-TypeDiplome-RASS,ConceptMap/ASS-A28-TypeDiplome-Diplome-Profession-EPARS,ValueSet/JDV-J233-TypeDiplome-EPARS"
https://mos.esante.gouv.fr/NOS/TRE_R16-LieuFormation/FHIR/TRE-R16-LieuFormation,20251222120000,active,"1.2.250.1.213.1.6.1.35",TRE_R16_LieuFormation,,"Lieu de formation","ValueSet/JDV-J235-LieuFormation-EPARS"
https://mos.esante.gouv.fr/NOS/TRE_R17-TypeAutorisation/FHIR/TRE-R17-TypeAutorisation,20250523120000,active,"1.2.250.1.213.1.6.1.14",TRE_R17_TypeAutorisation,,"Type d'autorisation","ConceptMap/ASS-A30-TypeAutorisation-Profession-EPARS,ValueSet/JDV-J75-TypeAutorisation-RASS,ValueSet/JDV-J171-TypeAutorisation-EPARS"
https://mos.esante.gouv.fr/NOS/TRE_R18-DisciplineAutorisation/FHIR/TRE-R18-DisciplineAutorisation,20231215120000,active,"1.2.250.1.213.1.6.1.67",TRE_R18_DisciplineAutorisation,,"Discipline d'autorisation","ValueSet/JDV-J76-DisciplineAutorisation-RASS"
https://mos.esante.gouv.fr/NOS/TRE_R20-Pays/FHIR/TRE-R20-Pays,20250328120000,active,"1.2.250.1.213.2.24",TRE_R20_Pays,,"Référentiel des codes pays provenant du COG INSEE","ValueSet/JDV-J247-Pays-ROR,ValueSet/JDV-J74-Pays-RASS,ValueSet/JDV-J168-Pays-EPARS,ValueSet/JDV-J256-Pays,ConceptMap/ASS-A25-PaysProvenanceISO-PaysProvenanceCOG,ValueSet/JDV-J114-Pays-ENREG,ValueSet/JDV-J123-Pays-MDPH"
https://mos.esante.gouv.fr/NOS/TRE_R200-CanalCommunication/FHIR/TRE-R200-CanalCommunication,20260330120000,active,"1.2.250.1.213.3.3.1",TRE_R200_CanalCommunication,,"Canal de communication","ValueSet/JDV-J225-CanalCommunication-ROR,ValueSet/jdv-j396-canal-communication-ms"
https://mos.esante.gouv.fr/NOS/TRE_R201-TypeDivisionTerritoriale/FHIR/TRE-R201-TypeDivisionTerritoriale,20231215120000,active,"1.2.250.1.213.3.3.2",TRE_R201_TypeDivisionTerritoriale,,"Type de division territoriale","ValueSet/JDV-J223-TypeDivisionTerritoriale-ROR"
https://mos.esante.gouv.fr/NOS/TRE_R202-AccessibiliteLieu/FHIR/TRE-R202-AccessibiliteLieu,20231215120000,active,"1.2.250.1.213.3.3.3",TRE_R202_AccessibiliteLieu,,"Niveaux d'accessibilité d'un établissement recevant du public (ERP)","ValueSet/JDV-J50-AccessibiliteLieu-ROR"
https://mos.esante.gouv.fr/NOS/TRE_R203-StatutLieu/FHIR/TRE-R203-StatutLieu,20231215120000,active,"1.2.250.1.213.3.3.4",TRE_R203_StatutLieu,,"Statut lieu","ValueSet/JDV-J224-StatutLieu-ROR"
https://mos.esante.gouv.fr/NOS/TRE_R207-TypeOrganisationInterne/FHIR/TRE-R207-TypeOrganisationInterne,20231215120000,active,"1.2.250.1.213.3.3.8",TRE_R207_TypeOrganisationInterne,,"Type organisation interne","ValueSet/JDV-J203-TypeOrganisationInterne-ROR"
https://mos.esante.gouv.fr/NOS/TRE_R208-ClasseAge/FHIR/TRE-R208-ClasseAge,20231215120000,active,"1.2.250.1.213.3.3.9",TRE_R208_ClasseAge,,"Classe d'âge","ValueSet/JDV-J15-ClasseAge-ROR"
https://mos.esante.gouv.fr/NOS/TRE_R209-TypeActivite/FHIR/TRE-R209-TypeActivite,20260629120000,active,"1.2.250.1.213.2.2",TRE_R209_TypeActivite,,"Type d'activité","ValueSet/JDV-J59-ContentTypeCode-DMP,ValueSet/JDV-J138-TypeActivite-RASS,ValueSet/JDV-J03-XdsContentTypeCode-CISIS"
https://mos.esante.gouv.fr/NOS/TRE_R21-Fonction/FHIR/TRE-R21-Fonction,20260223120000,active,"1.2.250.1.213.1.6.1.17",TRE_R21_Fonction,,"Fonction","ValueSet/JDV-J108-EnsembleFonction-RASS,ValueSet/JDV-J05-SubjectRole-CISIS,ValueSet/JDV-J65-SubjectRole-DMP"
https://mos.esante.gouv.fr/NOS/TRE_R210-ActeSpecifique/FHIR/TRE-R210-ActeSpecifique,20260730120000,active,"1.2.250.1.213.3.3.11",TRE_R210_ActeSpecifique,,"Action menée par un ou plusieurs acteur(s) de santé dans le cadre d’une activité. Cet acte peut correspondre à une technique spécialisée ou traduire une expertise discriminante dans le parcours de santé.","ValueSet/JDV-J69-ActiviteOperationnelle-Santefr,ValueSet/JDV-J16-ActeSpecifique-ROR"
https://mos.esante.gouv.fr/NOS/TRE_R211-ActiviteOperationnelle/FHIR/TRE-R211-ActiviteOperationnelle,20260730120000,active,"1.2.250.1.213.3.3.12",TRE_R211_ActiviteOperationnelle,,"Activite Operationnelle","ConceptMap/ASS-A14-FamilleActivite-ActiviteOperationnelle,ValueSet/JDV-J17-ActiviteOperationnelle-ROR,ValueSet/JDV-J69-ActiviteOperationnelle-Santefr"
https://mos.esante.gouv.fr/NOS/TRE_R212-Equipement/FHIR/TRE-R212-Equipement,20260629120000,active,"1.2.250.1.213.3.3.10",TRE_R212_Equipement,,"Equipement","ValueSet/JDV-J18-EquipementSpecifique-ROR,ValueSet/jdv-j351-appareil-amm-finess,ValueSet/JDV-J70-Equipement-Santefr"
https://mos.esante.gouv.fr/NOS/TRE_R213-ModePriseEnCharge/FHIR/TRE-R213-ModePriseEnCharge,20260629120000,active,"1.2.250.1.213.3.3.13",TRE_R213_ModePriseEnCharge,,"Mode de la prise en charge","ValueSet/JDV-J19-ModePriseEnCharge-ROR,ValueSet/JDV-J264-ModeEtCentreDePriseEnCharge-MDPH,ValueSet/jdv-contexte-activite-cisis,ValueSet/jdv-type-prise-en-charge-cisis,ValueSet/jdv-traitement-suivi-cisis"
https://mos.esante.gouv.fr/NOS/TRE_R216-HL7RoleCode/FHIR/TRE-R216-HL7RoleCode,20241213120000,active,"2.16.840.1.113883.5.111",TRE_R216_HL7RoleCode,,"HL7 roleCode","ValueSet/JDV-J11-RelationPatient-CISIS,ValueSet/JDV-J14-QualiteRepresentantLegal-CISIS,ValueSet/JDV-J13-ResponsableConsent-CISIS"
https://mos.esante.gouv.fr/NOS/TRE_R217-ProtectionJuridique/FHIR/TRE-R217-ProtectionJuridique,20231215120000,active,"1.2.250.1.213.1.1.4.327",TRE_R217_ProtectionJuridique,,"Protection juridique","ValueSet/JDV-J11-RelationPatient-CISIS"
https://mos.esante.gouv.fr/NOS/TRE_R219-AutreResponsableConsent/FHIR/TRE-R219-AutreResponsableConsent,20231215120000,active,"1.2.250.1.213.1.1.4.320",TRE_R219_AutreResponsableConsent,,"Autre responsable consentement","ValueSet/JDV-J13-ResponsableConsent-CISIS"
https://mos.esante.gouv.fr/NOS/TRE_R22-GenreActivite/FHIR/TRE-R22-GenreActivite,20240329120000,active,"1.2.250.1.213.1.6.1.19",TRE_R22_GenreActivite,,"Genre d'activité","ConceptMap/ASS-A20-RolePriseCharge-GenreActivite,ValueSet/JDV-J94-GenreActivite-RASS,ValueSet/JDV-J05-SubjectRole-CISIS,ValueSet/JDV-J116-GenreActivite-ENREG,ValueSet/JDV-J65-SubjectRole-DMP,ValueSet/JDV-J234-GenreActivite-EPARS"
https://mos.esante.gouv.fr/NOS/TRE_R220-ModeleDocumentCDAStructure/FHIR/TRE-R220-ModeleDocumentCDAStructure,20260629120000,active,"1.2.250.1.213.1.1.4.328",TRE_R220_ModeleDocumentCDAStructure,,"Identifiant des modèles de CDA structurés","ValueSet/jdv-modele-document-cda,ValueSet/jdv-modele-document-cda-cisis,ConceptMap/ASS-A11-CorresModeleCDA-XdsFormatCode-CISIS"
https://mos.esante.gouv.fr/NOS/TRE_R221-ModeleDocumentCDANonStructure/FHIR/TRE-R221-ModeleDocumentCDANonStructure,20251222120000,retired,"1.2.250.1.213.1.1.4.329",TRE_R221_ModeleDocumentCDANonStructure,,"Identifiant des modèles de CDA non structurés","ValueSet/jdv-tre-r221-modele-document-cda-non-structure-all,ValueSet/jdv-modele-document-cda-non-structure-cisis,ValueSet/jdv-modele-document-cda,ValueSet/jdv-modele-document-cda-cisis,ConceptMap/ASS-A11-CorresModeleCDA-XdsFormatCode-CISIS"
https://mos.esante.gouv.fr/NOS/TRE_R222-MediaTypeCorpsCDANonStructure/FHIR/TRE-R222-MediaTypeCorpsCDANonStructure,20251222120000,retired,"1.2.250.1.213.1.1.4.330",TRE_R222_MediaTypeCorpsCDANonStructure,,"Identifiant des modèles de CDA non structurés","ConceptMap/ASS-A12-CorresMediaTypeCDANonStructure-XdsFormatCode-CISIS,ValueSet/TRE-R222-MediaTypeCorpsCDANonStructure-all"
https://mos.esante.gouv.fr/NOS/TRE_R223-NatCycleForm/FHIR/TRE-R223-NatCycleForm,20231215120000,active,"1.2.250.1.213.1.6.1.115",TRE_R223_NatCycleForm,,"Nature du cycle de formation des étudiants","ValueSet/JDV-J86-NatCycleForm-RASS"
https://mos.esante.gouv.fr/NOS/TRE_R224-NiveauFormAcquis/FHIR/TRE-R224-NiveauFormAcquis,20231215120000,active,"1.2.250.1.213.1.6.1.116",TRE_R224_NiveauFormAcquis,,"Niveaux de formation acquis dans le cycle de formation des étudiants","ValueSet/JDV-J87-NiveauFormAcquis-RASS"
https://mos.esante.gouv.fr/NOS/TRE_R225-AnneeUniversitaire/FHIR/TRE-R225-AnneeUniversitaire,20251009120000,active,"1.2.250.1.213.1.6.1.117",TRE_R225_AnneeUniversitaire,,"Année universitaire","ValueSet/JDV-J88-AnneeUniversitaire-RASS"
https://mos.esante.gouv.fr/NOS/TRE_R226-Dip2iemeCycleNQ/FHIR/TRE-R226-Dip2iemeCycleNQ,20231215120000,active,"1.2.250.1.213.1.6.1.118",TRE_R226_Dip2iemeCycleNQ,,"Diplôme de 2ième cycle non qualifiant","ValueSet/JDV-J105-EnsembleDiplome-RASS"
https://mos.esante.gouv.fr/NOS/TRE_R227-ChampActivite/FHIR/TRE-R227-ChampActivite,20260330120000,active,"1.2.250.1.213.3.3.17",TRE_R227_ChampActivite,,"Champ d'activité","ValueSet/JDV-J20-ChampActivite-ROR"
https://mos.esante.gouv.fr/NOS/TRE_R228-UnitePrix/FHIR/TRE-R228-UnitePrix,20231215120000,active,"1.2.250.1.213.3.3.18",TRE_R228_UnitePrix,,"Unité de prix","ValueSet/JDV-J205-UnitePrix-ROR"
https://mos.esante.gouv.fr/NOS/TRE_R23-ModeExercice/FHIR/TRE-R23-ModeExercice,20260202120000,active,"1.2.250.1.213.1.6.1.18",TRE_R23_ModeExercice,,"Mode d'exercice","ValueSet/JDV-J117-ModeExercice-ENREG,ValueSet/JDV-J95-ModeExercice-RASS,ValueSet/JDV-J217-ModeExercice-ROR,ConceptMap/ASS-A24-ModeExercice-TypeActivite-ENREG"
https://mos.esante.gouv.fr/NOS/TRE_R231-PalierAuthentification/FHIR/TRE-R231-PalierAuthentification,20231215120000,active,"1.2.250.1.213.1.5.1.1.1",TRE_R231_PalierAuthentification,,"Paliers des référentiels d'authentification de la PGSSI-S","ValueSet/JDV-J21-PalierAuthentificationActeurPP"
https://mos.esante.gouv.fr/NOS/TRE_R234-TypeNote/FHIR/TRE-R234-TypeNote,20231215120000,active,"1.2.250.1.213.1.1.4.334",TRE_R234_TypeNote,,"Type de note","ValueSet/JDV-J23-TypeNoteCahierLiaison-CISIS"
https://mos.esante.gouv.fr/NOS/TRE_R236-ModeGestion/FHIR/TRE-R236-ModeGestion,20231215120000,active,"1.2.250.1.213.3.3.23",TRE_R236_ModeGestion,,"Mode gestion","ValueSet/JDV-J26-ModeGestion-ROR"
https://mos.esante.gouv.fr/NOS/TRE_R237-GroupeTarifaireDependance/FHIR/TRE-R237-GroupeTarifaireDependance,20231215120000,active,"1.2.250.1.213.3.3.25",TRE_R237_GroupeTarifaireDependance,,"Niveau de dépendance associé à un tarif","ValueSet/JDV-J27-GroupeTarifaireDependance-ROR"
https://mos.esante.gouv.fr/NOS/TRE_R238-OuvertureAnnuelle/FHIR/TRE-R238-OuvertureAnnuelle,20231215120000,active,"1.2.250.1.213.3.3.27",TRE_R238_OuvertureAnnuelle,,"Ouverture annuelle","ValueSet/JDV-J28-OuvertureAnnuelle-ROR"
https://mos.esante.gouv.fr/NOS/TRE_R239-PublicPrisEnCharge/FHIR/TRE-R239-PublicPrisEnCharge,20260730120000,active,"1.2.250.1.213.3.3.29",TRE_R239_PublicPrisEnCharge,,"Public pris en charge","ValueSet/JDV-J29-PublicPrisEnCharge-ROR"
https://mos.esante.gouv.fr/NOS/TRE_R24-TypeActiviteLiberale/FHIR/TRE-R24-TypeActiviteLiberale,20231215120000,active,"1.2.250.1.213.1.6.1.22",TRE_R24_TypeActiviteLiberale,,"Type d'activité libérale","ValueSet/JDV-J96-TypeActiviteLiberale-RASS,ValueSet/JDV-J119-TypeActiviteLiberale-ENREG,ConceptMap/ASS-A24-ModeExercice-TypeActivite-ENREG"
https://mos.esante.gouv.fr/NOS/TRE_R240-TemporaliteAccueil/FHIR/TRE-R240-TemporaliteAccueil,20231215120000,active,"1.2.250.1.213.3.3.31",TRE_R240_TemporaliteAccueil,,"Temporalité accueil","ValueSet/JDV-J30-TemporaliteAccueil-ROR"
https://mos.esante.gouv.fr/NOS/TRE_R241-AideFinanciere/FHIR/TRE-R241-AideFinanciere,20231215120000,active,"1.2.250.1.213.3.3.33",TRE_R241_AideFinanciere,,"Habilit. de l'EG permettant aux pers. accueillies d'avoir des aides financières","ValueSet/jdv-j354-habilitation-finess,ValueSet/JDV-J31-AideFinanciere-ROR"
https://mos.esante.gouv.fr/NOS/TRE_R242-TypeHabitation/FHIR/TRE-R242-TypeHabitation,20231215120000,active,"1.2.250.1.213.3.3.35",TRE_R242_TypeHabitation,,"Type habitation","ValueSet/JDV-J32-TypeHabitation-ROR"
https://mos.esante.gouv.fr/NOS/TRE_R243-CompetenceSpecifique/FHIR/TRE-R243-CompetenceSpecifique,20260629120000,active,"1.2.250.1.213.3.3.37",TRE_R243_CompetenceSpecifique,,"Compétence spécifique","ValueSet/JDV-J33-CompetenceSpecifique-ROR"
https://mos.esante.gouv.fr/NOS/TRE_R244-CategorieOrganisation/FHIR/TRE-R244-CategorieOrganisation,20260730120000,active,"1.2.250.1.213.3.3.39",TRE_R244_CategorieOrganisation,,"Catégorie d'organisation","ValueSet/JDV-J34-CategorieOrganisation-ROR,ValueSet/JDV-J238-TypeOffre-ROR"
https://mos.esante.gouv.fr/NOS/TRE_R245-SpecialisationDePriseEnCharge/FHIR/TRE-R245-SpecialisationDePriseEnCharge,20250425120000,active,"1.2.250.1.213.3.3.41",TRE_R245_SpecialisationDePriseEnCharge,,"Spécialisation de prise en charge","ValueSet/JDV-J35-SpecialisationDePriseEnCharge-ROR"
https://mos.esante.gouv.fr/NOS/TRE_R246-TypeTarif/FHIR/TRE-R246-TypeTarif,20231215120000,active,"1.2.250.1.213.3.3.43",TRE_R246_TypeTarif,,"Type tarif","ValueSet/JDV-J36-TypeTarif-ROR"
https://mos.esante.gouv.fr/NOS/TRE_R248-ModeAcces/FHIR/TRE-R248-ModeAcces,20250131120000,active,"1.2.250.1.213.1.1.4.336",TRE_R248_ModeAcces,,"Mode d'accès pour accéder à un SI santé avec données patients","ValueSet/JDV-J38-ModeAcces-CISIS"
https://mos.esante.gouv.fr/NOS/TRE_R249-Sexe/FHIR/TRE-R249-Sexe,20231215120000,active,"1.2.250.1.213.2.53",TRE_R249_Sexe,,"Sexe","ValueSet/JDV-J80-Sexe-RASS,ConceptMap/ASS-A15-SexeProvenanceISO-Sexe,ValueSet/JDV-J262-Sexe,ConceptMap/ASS-A33-AdministrativeGender-Sexe"
https://mos.esante.gouv.fr/NOS/TRE_R25-MotifFinActivite/FHIR/TRE-R25-MotifFinActivite,20231215120000,active,"1.2.250.1.213.1.6.1.20",TRE_R25_MotifFinActivite,,"Motif de fin d'activité","ValueSet/jdv-j383-motif-cloture-exercice-professionnel-epars,ValueSet/JDV-J92-MotifFinActivite-RASS,ValueSet/JDV-J169-MotifFinActivite-EPARS"
https://mos.esante.gouv.fr/NOS/TRE_R250-ConditionTarifaire/FHIR/TRE-R250-ConditionTarifaire,20231215120000,active,"1.2.250.1.213.3.3.46",TRE_R250_ConditionTarifaire,,"Les conditions d'accès à un tarif modulé","ValueSet/JDV-J39-ConditionTarifaire-ROR"
https://mos.esante.gouv.fr/NOS/TRE_R251-FonctionContact/FHIR/TRE-R251-FonctionContact,20250131120000,active,"1.2.250.1.213.3.3.48",TRE_R251_FonctionContact,,"Un titre, une position, une fonction de la personne contact dans l'organisation","ValueSet/JDV-J220-FonctionContact-ROR"
https://mos.esante.gouv.fr/NOS/TRE_R252-TypeHoraire/FHIR/TRE-R252-TypeHoraire,20241025120000,active,"1.2.250.1.213.3.3.50",TRE_R252_TypeHoraire,,"Type horaire","ValueSet/JDV-J41-TypeHoraire-ROR"
https://mos.esante.gouv.fr/NOS/TRE_R253-TypeMaternite/FHIR/TRE-R253-TypeMaternite,20231215120000,active,"1.2.250.1.213.3.3.52",TRE_R253_TypeMaternite,,"Type de maternité","ValueSet/JDV-J227-NiveauExpertise-ROR,ValueSet/JDV-J42-TypeMaternite-ROR"
https://mos.esante.gouv.fr/NOS/TRE_R254-TypeEvenement/FHIR/TRE-R254-TypeEvenement,20240329120000,active,"1.2.250.1.213.1.1.4.337",TRE_R254_TypeEvenement,,"Liste de types d'évènement","ValueSet/JDV-J46-TypeEvenementNotification-CISIS,ConceptMap/ASS-A13-TypeEvenement-FluxStandardise"
https://mos.esante.gouv.fr/NOS/TRE_R255-FluxStandardise/FHIR/TRE-R255-FluxStandardise,20231215120000,active,"1.2.250.1.213.1.1.4.338",TRE_R255_FluxStandardise,,"Liste de flux standardisés","ConceptMap/ASS-A13-TypeEvenement-FluxStandardise"
https://mos.esante.gouv.fr/NOS/TRE_R256-TypeMessagerie/FHIR/TRE-R256-TypeMessagerie,20231215120000,active,"1.2.250.1.213.3.3.54",TRE_R256_TypeMessagerie,,"Type de messagerie électronique","ValueSet/JDV-J225-CanalCommunication-ROR,ValueSet/jdv-j397-type-messagerie-ms"
https://mos.esante.gouv.fr/NOS/TRE_R257-TypeBAL/FHIR/TRE-R257-TypeBAL,20231215120000,active,"1.2.250.1.213.3.3.55",TRE_R257_TypeBAL,,"Type de boîte aux lettres","ValueSet/JDV-J139-TypeBAL-RASS"
https://mos.esante.gouv.fr/NOS/TRE_R258-RelationPriseCharge/FHIR/TRE-R258-RelationPriseCharge,20250523120000,active,"1.2.250.1.213.1.1.4.2.280",TRE_R258_RelationPriseCharge,,"Relation dans la prise en charge du patient","ValueSet/JDV-J47-FunctionCode-CISIS"
https://mos.esante.gouv.fr/NOS/TRE_R259-HL7ParticipationFunction/FHIR/TRE-R259-HL7ParticipationFunction,20231215120000,active,"2.16.840.1.113883.5.88",TRE_R259_HL7ParticipationFunction,,"Rôles fonctionnels HL7","ValueSet/JDV-J265-RoleMembreCercleDeSoins-CISIS,ValueSet/JDV-J47-FunctionCode-CISIS"
https://mos.esante.gouv.fr/NOS/TRE_R260-HL7RoleClass/FHIR/TRE-R260-HL7RoleClass,20240426120000,active,"2.16.840.1.113883.5.110",TRE_R260_HL7RoleClass,,"Rôle de la personne point de contact auprès d'une autre personne repris de la terminologie HL7 v3 RoleClass (https://www.hl7.org/fhir/v3/RoleClass/cs.html)","ValueSet/JDV-J265-RoleMembreCercleDeSoins-CISIS,ValueSet/JDV-J141-RoleClass-CISIS,ValueSet/jdv-j384-role-membre-famille-ms"
https://mos.esante.gouv.fr/NOS/TRE_R264-PrestationNonObligatoireIncluse/FHIR/TRE-R264-PrestationNonObligatoireIncluse,20231215120000,active,"1.2.250.1.213.3.3.59",TRE_R264_PrestationNonObligatoireIncluse,,"Prestations non obligatoire incluses","ValueSet/JDV-J206-PrestationNonObligatoireIncluse-ROR"
https://mos.esante.gouv.fr/NOS/TRE_R266-FamilleActiviteOperationnelleHorsSerafin/FHIR/TRE-R266-FamilleActiviteOperationnelleHorsSerafin,20231215120000,active,"1.2.250.1.213.3.3.61",TRE_R266_FamilleActiviteOperationnelleHorsSerafin,,"Familles activités opérationnelles hors Serafin","ConceptMap/ASS-A14-FamilleActivite-ActiviteOperationnelle,ValueSet/JDV-J51-FamilleActiviteOperationnelle-ROR"
https://mos.esante.gouv.fr/NOS/TRE_R267-SexeProvenanceISO/FHIR/TRE-R267-SexeProvenanceISO,20231215120000,active,"1.2.250.1.213.2.55",TRE_R267_SexeProvenanceISO,,"Codes de représentation des sexes humains provenant de la norme ISO 5218","ConceptMap/ASS-A15-SexeProvenanceISO-Sexe"
https://mos.esante.gouv.fr/NOS/TRE_R268-PaysProvenanceISO/FHIR/TRE-R268-PaysProvenanceISO,20240126120000,active,"1.2.250.1.213.2.57",TRE_R268_PaysProvenanceISO,,"Référentiel des pays provenant de la norme ISO 3166","ConceptMap/ASS-A25-PaysProvenanceISO-PaysProvenanceCOG"
https://mos.esante.gouv.fr/NOS/TRE_R269-AvailabilityStatusProvenanceOasis/FHIR/TRE-R269-AvailabilityStatusProvenanceOasis,20231215120000,active,"1.2.250.1.213.1.1.4.341",TRE_R269_AvailabilityStatusProvenanceOasis,,"Statut de l'objet provenant de la norme Oasis","ValueSet/JDV-J52-AvailabilityStatus-CISIS"
https://mos.esante.gouv.fr/NOS/TRE_R270-AvailabilityStatus/FHIR/TRE-R270-AvailabilityStatus,20231215120000,active,"1.2.250.1.213.1.1.4.342",TRE_R270_AvailabilityStatus,,"Statut de l'objet","ValueSet/JDV-J52-AvailabilityStatus-CISIS"
https://mos.esante.gouv.fr/NOS/TRE_R271-TypeRequete/FHIR/TRE-R271-TypeRequete,20231215120000,active,"1.2.250.1.213.1.1.4.11",TRE_R271_TypeRequete,,"Code de type requêtes","ValueSet/JDV-J53-TypeRequeteGestionDossier-CISIS"
https://mos.esante.gouv.fr/NOS/TRE_R272-EquipementMaterielLourd/FHIR/TRE-R272-EquipementMaterielLourd,20231215120000,active,"1.2.250.1.213.1.6.1.124",TRE_R272_EquipementMaterielLourd,,"Equipements Matériels Lourds","ValueSet/vs-tre-r272-equipement-materiel-lourd-all,ValueSet/JDV-J135-EquipementMaterielLourd-RASS"
https://mos.esante.gouv.fr/NOS/TRE_R274-ActiviteSanitaireRegulee/FHIR/TRE-R274-ActiviteSanitaireRegulee,20231215120000,active,"1.2.250.1.213.1.6.1.126",TRE_R274_ActiviteSanitaireRegulee,,"Activités sanitaires soumises à une régulation de la part de l'ARS","ValueSet/vs-tre-r274-activite-sanitaire-regulee-all,ValueSet/JDV-J133-ActiviteSanitaireRegulee-RASS"
https://mos.esante.gouv.fr/NOS/TRE_R275-ModaliteActivite/FHIR/TRE-R275-ModaliteActivite,20231215120000,active,"1.2.250.1.213.1.6.1.127",TRE_R275_ModaliteActivite,,"Mode d'application ou type de soins encadrant une activité","ValueSet/JDV-J132-ModaliteActivite-RASS"
https://mos.esante.gouv.fr/NOS/TRE_R276-FormeActivite/FHIR/TRE-R276-FormeActivite,20240329120000,active,"1.2.250.1.213.1.6.1.128",TRE_R276_FormeActivite,,"Type d'organisation de prise en charge","ValueSet/JDV-J59-ContentTypeCode-DMP,ValueSet/JDV-J134-FormeActivite-RASS,ValueSet/JDV-J03-XdsContentTypeCode-CISIS"
https://mos.esante.gouv.fr/NOS/TRE_R277-CategorieActiviteSanitaireRegulee/FHIR/TRE-R277-CategorieActiviteSanitaireRegulee,20260223120000,retired,"1.2.250.1.213.1.6.1.129",TRE_R277_CategorieActiviteSanitaireRegulee,,"Types d'activités autorisées","ValueSet/JDV-J131-CategorieActiviteSanitaireRegulee-RASS"
https://mos.esante.gouv.fr/NOS/TRE_R278-FinessConvention/FHIR/TRE-R278-FinessConvention,20250131120000,active,"1.2.250.1.213.1.6.1.131",TRE_R278_FinessConvention,,"Convention du domaine social FINESS","ValueSet/jdv-j408-orientation-ms"
https://mos.esante.gouv.fr/NOS/TRE_R279-Clientele/FHIR/TRE-R279-Clientele,20260629120000,active,"1.2.250.1.213.1.6.1.132",TRE_R279_Clientele,,"Clientèles","ValueSet/JDV-J137-Clientele-RASS"
https://mos.esante.gouv.fr/NOS/TRE_R280-DisciplineEquipementSocial/FHIR/TRE-R280-DisciplineEquipementSocial,20260601120000,active,"1.2.250.1.213.1.6.1.133",TRE_R280_DisciplineEquipementSocial,,"Disciplines d'équipement pour le social","ValueSet/JDV-J136-DisciplineEquipementSocial-RASS"
https://mos.esante.gouv.fr/NOS/TRE_R282-CNAMAmeliSecteurConventionnement/FHIR/TRE-R282-CNAMAmeliSecteurConventionnement,20231215120000,active,"1.2.250.1.213.1.6.1.135",TRE_R282_CNAMAmeliSecteurConventionnement,,"Secteur de conventionnement du professionnel libéral par la CNAM extracts ameli","ValueSet/JDV-J130-CNAMAmeliSecteurConventionnement-RASS,ValueSet/JDV-J218-CNAMAmeliSecteurConventionnement-ROR"
https://mos.esante.gouv.fr/NOS/TRE_R283-NiveauConfidentialite/FHIR/TRE-R283-NiveauConfidentialite,20260505120000,active,"1.2.250.1.213.1.1.4.344",TRE_R283_NiveauConfidentialite,,"Niveau de restriction d'accès","ValueSet/JDV-J222-NiveauConfidentialite-ROR"
https://mos.esante.gouv.fr/NOS/TRE_R284-NiveauRecoursORSAN/FHIR/TRE-R284-NiveauRecoursORSAN,20231215120000,active,"1.2.250.1.213.1.1.4.345",TRE_R284_NiveauRecoursORSAN,,"Hiérarchisation fonctionnelle des Éts pour accueil patients après le SAMU","ValueSet/JDV-J204-NiveauRecoursORSAN-ROR"
https://mos.esante.gouv.fr/NOS/TRE_R285-TraitementDocument/FHIR/TRE-R285-TraitementDocument,20231215120000,active,"1.2.250.1.213.1.1.4.346",TRE_R285_TraitementDocument,,"Traitement du document","ValueSet/JDV-J67-TraitementDocument-CISIS"
https://mos.esante.gouv.fr/NOS/TRE_R286-TypeFermeture/FHIR/TRE-R286-TypeFermeture,20260505120000,active,"1.2.250.1.213.1.6.1.136",TRE_R286_TypeFermeture,,"Type de fermeture, codes provenant du FINESS pour les EJ et EG","ValueSet/JDV-J185-TypeFermeture-ROR,ValueSet/JDV-J260-TypeFermeture-RASS,ValueSet/jdv-j364-type-fermeture-pm-finess,ValueSet/JDV-J201-TypeFermeture-ROR,ValueSet/jdv-j365-type-fermeture-ege-finess"
https://mos.esante.gouv.fr/NOS/TRE_R287-NatureContact/FHIR/TRE-R287-NatureContact,20241213120000,active,"1.2.250.1.213.3.3.67",TRE_R287_NatureContact,,"Un service ou un guichet assurant le contact au sein de l'organisation","ValueSet/JDV-J221-NatureContact-ROR"
https://mos.esante.gouv.fr/NOS/TRE_R291-AutreProfession/FHIR/TRE-R291-AutreProfession,20231215120000,active,"1.2.250.1.213.1.6.1.140",TRE_R291_AutreProfession,,"Liste de professionnels non membres d'une profession réglementée","ValueSet/JDV-J05-SubjectRole-CISIS,ValueSet/JDV-J122-Profession-ENREG,ValueSet/JDV-J65-SubjectRole-DMP,ValueSet/JDV-J106-EnsembleProfession-RASS"
https://mos.esante.gouv.fr/NOS/TRE_R293-AgregatClienteleNiv2/FHIR/TRE-R293-AgregatClienteleNiv2,20231215120000,active,"1.2.250.1.213.1.6.1.192",TRE_R293_AgregatClienteleNiv2,,"Agrégats de clientèle niveau 2","ConceptMap/ASS-X13-AgregatClientele"
https://mos.esante.gouv.fr/NOS/TRE_R294-AgregatClienteleNiv3/FHIR/TRE-R294-AgregatClienteleNiv3,20231215120000,active,"1.2.250.1.213.1.6.1.193",TRE_R294_AgregatClienteleNiv3,,"Agrégats de clientèle niveau 3","ConceptMap/ASS-X13-AgregatClientele"
https://mos.esante.gouv.fr/NOS/TRE_R30-RegionOM/FHIR/TRE-R30-RegionOM,20240628120000,active,"1.2.250.1.213.2.25",TRE_R30_RegionOM,,"Référentiel des codes régions et collectivités d'outre-mer provenant du COG INSEE + Monaco","ValueSet/JDV-J93-RegionOM-RASS,ConceptMap/ASS-X09-DepartementOM-RegionOM,ValueSet/JDV-J257-Region,ValueSet/JDV-J237-RegionOM-ROR,ValueSet/jdv-j378-region-om-finess"
https://mos.esante.gouv.fr/NOS/TRE_R301-SourceInformationInstallation/FHIR/TRE-R301-SourceInformationInstallation,20260223120000,retired,"1.2.250.1.213.1.6.1.208",TRE_R301_SourceInformationInstallation,,"Sources d'information possible concernant l'installation de l'activité sociale","ValueSet/JDV-J261-SourceInformationInstallation-RASS"
https://mos.esante.gouv.fr/NOS/TRE_R302-ContexteCodeComplementaire/FHIR/TRE-R302-ContexteCodeComplementaire,20240426120000,active,"1.2.250.1.213.3.3.70",TRE_R302_ContexteCodeComplementaire,,"Liste des codes complémentaires utilisables dans un contexte particulier","ValueSet/JDV-J125-MotifRejet-ENREG,ValueSet/JDV-J177-BesoinAideMobilite-MDPH,ValueSet/JDV-J181-BesoinMobilite-MDPH,ValueSet/JDV-J178-BesoinAideVieSociale-MDPH,ValueSet/JDV-J247-Pays-ROR,ValueSet/JDV-J176-SituationVieQuotidienne-MDPH,ValueSet/JDV-J182-BesoinScolarite-MDPH,ValueSet/JDV-J256-Pays,ValueSet/JDV-J179-BesoinCommunication-MDPH,ValueSet/JDV-J123-Pays-MDPH,ValueSet/JDV-J180-BesoinEntretienPersonnel-MDPH"
https://mos.esante.gouv.fr/NOS/TRE_R303-HL7v3AdministrativeGender/FHIR/TRE-R303-HL7v3AdministrativeGender,20231215120000,active,"2.16.840.1.113883.5.1",TRE_R303_HL7v3AdministrativeGender,,"Sexe d'une personne utilisée à des fins administratives (par opposition au sexe clinique) repris de la terminologie HL7 v3 AdministrativeGender (https://www.hl7.org/fhir/v3/AdministrativeGender/cs.html)","ValueSet/JDV-J148-ReferenceRangeAppliesTo-CISIS,ValueSet/JDV-J143-AdministrativeGender-CISIS"
https://mos.esante.gouv.fr/NOS/TRE_R304-HL7v3ActCode/FHIR/TRE-R304-HL7v3ActCode,20231215120000,active,"2.16.840.1.113883.5.4",TRE_R304_HL7v3ActCode,,"Type de prise en charge repris de la terminologie HL7 v3 ActCode (https://www.hl7.org/fhir/v3/ActCode/cs.html)","ValueSet/JDV-J142-TypeRencontre-CISIS"
https://mos.esante.gouv.fr/NOS/TRE_R305-TypeRencontre/FHIR/TRE-R305-TypeRencontre,20231215120000,active,"1.2.250.1.213.1.1.4.2.291",TRE_R305_TypeRencontre,,"Type de rencontre","ValueSet/JDV-J142-TypeRencontre-CISIS,ValueSet/jdv-encompassing-encounter-code-cisis,ValueSet/jdv-type-rencontre-cisis"
https://mos.esante.gouv.fr/NOS/TRE_R31-StatutEtatCivil/FHIR/TRE-R31-StatutEtatCivil,20250131120000,active,"1.2.250.1.213.1.6.1.9",TRE_R31_StatutEtatCivil,,"Status de l'état civil","ValueSet/JDV-J111-StatutEtatCivil-ENREG"
https://mos.esante.gouv.fr/NOS/TRE_R314-TypeCreneau/FHIR/TRE-R314-TypeCreneau,20240726120000,active,"1.2.250.1.213.3.3.71",TRE_R314_TypeCreneau,,"Type de créneaux de soins définis par un professionnel de santé ou son délégataire dans son logiciel de prise de RDV selon la visibilité associée","ValueSet/JDV-J165-TypeCreneau-SAS"
https://mos.esante.gouv.fr/NOS/TRE_R317-SituationVieQuotidienne/FHIR/TRE-R317-SituationVieQuotidienne,20240329120000,active,"1.2.250.1.213.3.3.72",TRE_R317_SituationVieQuotidienne,,"Caractérise la situation de vie de la personne : vit seule ou avec d'autres personnes","ValueSet/JDV-J176-SituationVieQuotidienne-MDPH"
https://mos.esante.gouv.fr/NOS/TRE_R318-BesoinAideMobilite/FHIR/TRE-R318-BesoinAideMobilite,20240329120000,active,"1.2.250.1.213.3.3.73",TRE_R318_BesoinAideMobilite,,"Caractérise les besoins d'aide de la personne en matière de mobilité","ValueSet/JDV-J177-BesoinAideMobilite-MDPH"
https://mos.esante.gouv.fr/NOS/TRE_R319-BesoinAideVieSociales/FHIR/TRE-R319-BesoinAideVieSociale,20240329120000,active,"1.2.250.1.213.3.3.74",TRE_R319_BesoinAideVieSociale,,"Caractérise les besoins d'aide de la personne en matière de vie sociale","ValueSet/JDV-J178-BesoinAideVieSociale-MDPH"
https://mos.esante.gouv.fr/NOS/TRE_R32-StatutHospitalier/FHIR/TRE-R32-StatutHospitalier,20231215120000,active,"1.2.250.1.213.1.6.1.21",TRE_R32_StatutHospitalier,,"Statut hospitalier","ValueSet/JDV-J98-StatutHospitalier-RASS"
https://mos.esante.gouv.fr/NOS/TRE_R320-BesoinCommunication/FHIR/TRE-R320-BesoinCommunication,20240329120000,active,"1.2.250.1.213.3.3.75",TRE_R320_BesoinCommunication,,"Caractérise les besoins d'aide de la personne en matière de scolarité, en lien avec la communication","ValueSet/JDV-J179-BesoinCommunication-MDPH"
https://mos.esante.gouv.fr/NOS/TRE_R321-BesoinEntretienPersonnel/FHIR/TRE-R321-BesoinEntretienPersonnel,20240329120000,active,"1.2.250.1.213.3.3.76",TRE_R321_BesoinEntretienPersonnel,,"Caractérise les besoins d'aide de la personne en matière de scolarité, en lien avec l'entretien personnel","ValueSet/JDV-J180-BesoinEntretienPersonnel-MDPH"
https://mos.esante.gouv.fr/NOS/TRE_R322-BesoinMobilite/FHIR/TRE-R322-BesoinMobilite,20240329120000,active,"1.2.250.1.213.3.3.77",TRE_R322_BesoinMobilite,,"Caractérise les besoins d'aide de la personne en matière de scolarité, en lien avec la mobilité","ValueSet/JDV-J181-BesoinMobilite-MDPH"
https://mos.esante.gouv.fr/NOS/TRE_R323-BesoinScolarite/FHIR/TRE-R323-BesoinScolarite,20240329120000,active,"1.2.250.1.213.3.3.78",TRE_R323_BesoinScolarite,,"Caractérise les besoins d'aide de la personne en matière de scolarité, en lien avec les apprentissages","ValueSet/JDV-J182-BesoinScolarite-MDPH"
https://mos.esante.gouv.fr/NOS/TRE_R327-TypeDecision/FHIR/TRE-R327-TypeDecision,20260505120000,active,"1.2.250.1.213.3.3.82",TRE_R327_TypeDecision,,"Caractérise le type de décision prise par la CDAPH en réponse à une demande de compensation d'un usager (individu ou représentant légal), à une demande de révision par un tiers ou à un recours administratif préalable obligatoire (RAPO) d'un usager.","ValueSet/jdv-j400-nature-droit-prestation-ms,ValueSet/jdv-j398-type-decision-ms"
https://mos.esante.gouv.fr/NOS/TRE_R329-NatureCapacite/FHIR/TRE-R329-NatureCapacite,20260505120000,active,"1.2.250.1.213.3.3.212",TRE_R329_NatureCapacite,,"Permet d'indiquer si la capacité est exprimée en lits ou en places","ValueSet/JDV-J187-NatureCapacite-ROR,ValueSet/jdv-j352-nature-capacite-finess"
https://mos.esante.gouv.fr/NOS/TRE_R33-StatutInscription/FHIR/TRE-R33-StatutInscription,20231215120000,active,"1.2.250.1.213.1.6.1.12",TRE_R33_StatutInscription,,"Statut de l'inscription","ValueSet/JDV-J85-StatutInscription-RASS"
https://mos.esante.gouv.fr/NOS/TRE_R330-TypeStatutCapacite/FHIR/TRE-R330-TypeStatutCapacite,20250328120000,active,"1.2.250.1.213.3.3.213",TRE_R330_TypeStatutCapacite,,"Permet de préciser le statut des capacités concernées","ValueSet/JDV-J188-TypeStatutCapacite-ROR,ValueSet/jdv-j353-type-statut-capacite-finess"
https://mos.esante.gouv.fr/NOS/TRE_R331-TemporaliteCapacite/FHIR/TRE-R331-TemporaliteCapacite,20231215120000,active,"1.2.250.1.213.3.3.214",TRE_R331_TemporaliteCapacite,,"Sert à indiquer le moment où une capacité sera effective. Il est ainsi possible de décrire la situation immédiate ou de fournir une information prospective de capacités, prenant notamment en compte les entrées et sorties déjà identifiés de patients","ValueSet/JDV-J189-TemporaliteCapacite-ROR"
https://mos.esante.gouv.fr/NOS/TRE_R332-GenreCapacite/FHIR/TRE-R332-GenreCapacite,20250828120000,active,"1.2.250.1.213.3.3.215",TRE_R332_GenreCapacite,,"Permet d'indiquer le genre des patients qui peuvent être installés dans des lits disponibles","ValueSet/JDV-J190-GenreCapacite-ROR,ValueSet/jdv-j357-genre-capacite-finess"
https://mos.esante.gouv.fr/NOS/TRE_R333-TypeFermetureCapacite/FHIR/TRE-R333-TypeFermetureCapacite,20231215120000,active,"1.2.250.1.213.3.3.216",TRE_R333_TypeFermetureCapacite,,"Permet d'indiquer le statut de lits fermés, afin d'identifier le nombre de lits fermés qui peuvent être réactivés en cas de besoin et le nombre de ceux qui ne peuvent pas l'être","ValueSet/JDV-J191-TypeFermetureCapacite-ROR"
https://mos.esante.gouv.fr/NOS/TRE_R334-TypeLitSupplementaire/FHIR/TRE-R334-TypeLitSupplementaire,20231215120000,active,"1.2.250.1.213.3.3.217",TRE_R334_TypeLitSupplementaire,,"Permet d'indiquer le statut de lits supplémentaires, pour identifier le nombre de lits supplémentaires déjà mobilisés et, par typologie de mobilisation possible, le nombre de lits qui ne le sont pas encore","ValueSet/JDV-J192-TypeLitSupplementaire-ROR"
https://mos.esante.gouv.fr/NOS/TRE_R335-TypeSourceCapacite/FHIR/TRE-R335-TypeSourceCapacite,20231215120000,active,"1.2.250.1.213.3.3.218",TRE_R335_TypeSourceCapacite,,"Permet d'indiquer quel type de source est à l'origine de l'information de capacité","ValueSet/JDV-J193-TypeSourceCapacite-ROR"
https://mos.esante.gouv.fr/NOS/TRE_R336-TypeCrise/FHIR/TRE-R336-TypeCrise,20231215120000,active,"1.2.250.1.213.3.3.219",TRE_R336_TypeCrise,,"Permet d'indiquer le type de crise qui permet de mobiliser le nombre de lits supplémentaires décrits","ValueSet/JDV-J194-TypeCrise-ROR"
https://mos.esante.gouv.fr/NOS/TRE_R337-AffectationTemporaire/FHIR/TRE-R337-AffectationTemporaire,20231215120000,active,"1.2.250.1.213.3.3.220",TRE_R337_AffectationTemporaire,,"Permet d'indiquer la réservation de tout ou partie des lits d'une zone d'hébergement pour des patients selon qu'ils soient -ou non- concernés par une pathologie (Covid+, Covid-, …) ou un évènement (catastrophe naturelle, attentat, …)","ValueSet/JDV-J195-AffectationTemporaire-ROR"
https://mos.esante.gouv.fr/NOS/TRE_R338-ModaliteAccueil/FHIR/TRE-R338-ModaliteAccueil,20260730120000,active,"1.2.250.1.213.3.3.221",TRE_R338_ModaliteAccueil,,"Modalités d'accueil","ValueSet/JDV-J226-ModaliteAccueil-ROR"
https://mos.esante.gouv.fr/NOS/TRE_R34-StatutProfessionnelSSA/FHIR/TRE-R34-StatutProfessionnelSSA,20231215120000,active,"1.2.250.1.213.1.6.1.23",TRE_R34_StatutProfessionnelSSA,,"Statut du professionnel au SSA","ValueSet/JDV-J97-StatutProfessionnelSSA-RASS"
https://mos.esante.gouv.fr/NOS/TRE_R340-TypeCaracteristiqueEquipement/FHIR/TRE-R340-TypeCaracteristiqueEquipement,20240329120000,active,"1.2.250.1.213.3.3.223",TRE_R340_TypeCaracteristiqueEquipement,,"Type de caractéristique de l'équipement","ValueSet/JDV-J228-TypeCaracteristiqueEquipement-ROR"
https://mos.esante.gouv.fr/NOS/TRE_R341-StatutCommunication/FHIR/TRE-R341-StatutCommunication,20231215120000,active,"1.2.250.1.213.3.3.226",TRE_R341_StatutCommunication,,"Permet de donner une indication pour savoir une action doit être menée ou de son résultat lorsqu'elle a été menée","ValueSet/JDV-J196-StatutCommunication-ROR"
https://mos.esante.gouv.fr/NOS/TRE_R342-XdsTypesIdentifiantsReferenceId/FHIR/TRE-R342-XdsTypesIdentifiantsReferenceId,20231215120000,active,"1.2.250.1.213.1.1.4.347",TRE_R342_XdsTypesIdentifiantsReferenceId,,"Types d'identifiants utilisés dans la métadonnée XDS referenceIdList de la fiche du document. Ces types d'identifiants sont spécifiés dans une terminologie incluse dans le profil XDS dans le Cadre Technique d'IHE IT Infrastructure.","ValueSet/JDV-J197-XdsTypesIdentifiantsReferenceId-CISIS,ValueSet/JDV-J231-XdsTypesIdentifiantsReferenceId-DMP"
https://mos.esante.gouv.fr/NOS/TRE_R343-FonctionLieu/FHIR/TRE-R343-FonctionLieu,20260601120000,active,"1.2.250.1.213.3.3.227",TRE_R343_FonctionLieu,,"Destination d'usage du lieu","ValueSet/JDV-J198-FonctionLieu-ROR"
https://mos.esante.gouv.fr/NOS/TRE_R344-NiveauExpertise/FHIR/TRE-R344-NiveauExpertise,20260730120000,active,"1.2.250.1.213.3.3.228",TRE_R344_NiveauExpertise,,"Le niveau d'expertise atteste du niveau de ressources humaines et matérielles engagées dans la réalisation de l'offre et défini dans un cahier des charges officiel.","ValueSet/JDV-J227-NiveauExpertise-ROR"
https://mos.esante.gouv.fr/NOS/TRE_R345-TypeIdentifiantAutre/FHIR/TRE-R345-TypeIdentifiantAutre,20240329120000,active,"1.2.250.1.213.3.3.229",TRE_R345_TypeIdentifiantAutre,,"Autre Type d'identifiant","ValueSet/JDV-J236-TypeIdentifiant-ROR"
https://mos.esante.gouv.fr/NOS/TRE_R348-FormationSpecialiseeTransversale/FHIR/TRE-R348-FormationSpecialiseeTransversale,20251222120000,active,"1.2.250.1.213.1.6.1.251",TRE_R348_FormationSpecialiseeTransversale,,"Formation Spécialisée Transversale (FST)","ValueSet/JDV-J105-EnsembleDiplome-RASS"
https://mos.esante.gouv.fr/NOS/TRE_R349-ActionAnomalie/FHIR/TRE-R349-ActionAnomalie,20231215120000,active,"1.2.250.1.213.3.3.239",TRE_R349_ActionAnomalie,,"Action attendue dans le cadre de la gestion d'une anomalie","ValueSet/JDV-J242-ActionAnomalie-ROR"
https://mos.esante.gouv.fr/NOS/TRE_R35-TypeVoie/FHIR/TRE-R35-TypeVoie,20231215120000,retired,"1.2.250.1.213.2.44",TRE_R35_TypeVoie,,"Type de voie","ValueSet/JDV-J219-TypeVoie-ROR,ValueSet/JDV-J103-TypeVoie-RASS"
https://mos.esante.gouv.fr/NOS/TRE_R350-ThematiqueAnomalie/FHIR/TRE-R350-ThematiqueAnomalie,20231215120000,active,"1.2.250.1.213.3.3.240",TRE_R350_ThematiqueAnomalie,,"Thématique caractérisant une anomalie","ValueSet/JDV-J241-ThematiqueAnomalie-ROR"
https://mos.esante.gouv.fr/NOS/TRE_R352-StatutMetierAnomalie/FHIR/TRE-R352-StatutMetierAnomalie,20231215120000,active,"1.2.250.1.213.3.3.242",TRE_R352_StatutMetierAnomalie,,"Statut métier des anomalies","ValueSet/JDV-J244-StatutMetierAnomalie-ROR"
https://mos.esante.gouv.fr/NOS/TRE_R354-TypeIdentifiantRessourceOperationnelle/FHIR/TRE-R354-TypeIdentifiantRessourceOperationnelle,20240329120000,active,"1.2.250.1.213.3.3.244",TRE_R354_TypeIdentifiantRessourceOperationnelle,,"Type d'identifiant des ressources opérationnelles","ValueSet/JDV-J236-TypeIdentifiant-ROR"
https://mos.esante.gouv.fr/NOS/TRE_R355-TypeIdentifiantOffre/FHIR/TRE-R355-TypeIdentifiantOffre,20240329120000,active,"1.2.250.1.213.3.3.245",TRE_R355_TypeIdentifiantOffre,,"Type d'identifiant de l'offre","ValueSet/JDV-J236-TypeIdentifiant-ROR"
https://mos.esante.gouv.fr/NOS/TRE_R356-ProfessionRessource/FHIR/TRE-R356-ProfessionRessource,20260730120000,active,"1.2.250.1.213.3.3.246",TRE_R356_ProfessionRessource,,"Profession Ressource","ValueSet/JDV-J229-ProfessionSante-ROR,ValueSet/JDV-J186-ProfessionRessource-ROR"
https://mos.esante.gouv.fr/NOS/TRE_R357-StatutPersonnePriseCharge/FHIR/TRE-R357-StatutPersonnePriseCharge,20231215120000,active,"1.2.250.1.213.3.3.247",TRE_R357_StatutPersonnePriseCharge,,"Statut de la personne prise en charge.","ConceptMap/ASS-A32-StatutMotifPersonnePriseCharge,ValueSet/JDV-J252-StatutPersonnePriseChargeESMS,ValueSet/JDV-J253-StatutPersonnePriseChargeUnite"
https://mos.esante.gouv.fr/NOS/TRE_R358-MotifStatutPersonnePriseCharge/FHIR/TRE-R358-MotifStatutPersonnePriseCharge,20231215120000,active,"1.2.250.1.213.3.3.248",TRE_R358_MotifStatutPersonnePriseCharge,,"Motif du statut de la personne prise en charge","ValueSet/JDV-J251-MotifStatutPersonnePriseChargeESMS,ConceptMap/ASS-A32-StatutMotifPersonnePriseCharge,ValueSet/JDV-J250-MotifStatutPersonnePriseChargeUnite"
https://mos.esante.gouv.fr/NOS/TRE_R359-SurspecialiteTransversale/FHIR/TRE-R359-SurspecialiteTransversale,20251222120000,active,"1.2.250.1.213.2.76",TRE_R359_SurspecialiteTransversale,,"Surspécialité (compétence) acquise par l'interne à l'issue d'une Formation Spécialisée Transversale (FST)","ValueSet/JDV-J107-EnsembleSavoirFaire-RASS,ValueSet/JDV-J255-SurspecialiteTransversale-RPPS"
https://mos.esante.gouv.fr/NOS/TRE_R36-AutreDiplomeObtenu/FHIR/TRE-R36-AutreDiplomeObtenu,20231215120000,active,"1.2.250.1.213.1.6.1.54",TRE_R36_AutreDiplomeObtenu,,"Autre diplôme obtenu","ValueSet/JDV-J105-EnsembleDiplome-RASS"
https://mos.esante.gouv.fr/NOS/TRE_R368-StatutRessource/FHIR/TRE-R368-StatutRessource,20260505120000,active,"1.2.250.1.213.3.3.250",TRE_R368_StatutRessource,,"Caractérise le statut d'une ressource du médico-social au cours de son cycle de vie","ValueSet/JDV-J281-StatutsRessourcesMS"
https://mos.esante.gouv.fr/NOS/TRE_R369_ProfilUtilisateurReferentielNational/FHIR/TRE-R369-ProfilUtilisateurReferentielNational,20250328120000,active,"1.2.250.1.213.3.3.255",TRE_R369_ProfilUtilisateurReferentielNational,,"Profils utilisateur d'un référentiel national","ValueSet/JDV-J286-ProfilUtilisateurReferentielNational-ROR"
https://mos.esante.gouv.fr/NOS/TRE_R37-TypeProfessionFonction/FHIR/TRE-R37-TypeProfessionFonction,20231215120000,active,"1.2.250.1.213.1.6.1.3",TRE_R37_TypeProfessionFonction,,"Type des professions et des fonctions","ValueSet/JDV-J24-ProfessionAuteurNote-CISIS,ValueSet/JDV-J72-TypeProfessionFonction-MSSante"
https://mos.esante.gouv.fr/NOS/TRE_R38-SpecialiteOrdinale/FHIR/TRE-R38-SpecialiteOrdinale,20240531120000,active,"1.2.250.1.213.2.28",TRE_R38_SpecialiteOrdinale,,"Spécialité ordinale","ValueSet/JDV-J107-EnsembleSavoirFaire-RASS,ValueSet/JDV-J239-SpecialitesSNP-SAS,ValueSet/JDV-J210-SpecialiteOrdinale-ROR,ConceptMap/ASS-X08-TranscoSavoirFaireR01-SavoirFaire"
https://mos.esante.gouv.fr/NOS/TRE_R39-Competence/FHIR/TRE-R39-Competence,20240628120000,active,"1.2.250.1.213.2.29",TRE_R39_Competence,,"Compétence","ValueSet/JDV-J107-EnsembleSavoirFaire-RASS,ConceptMap/ASS-X08-TranscoSavoirFaireR01-SavoirFaire,ValueSet/JDV-J232-Competence-ROR"
https://mos.esante.gouv.fr/NOS/TRE_R391-MotifRestrictionDiffusion/FHIR/TRE-R391-MotifRestrictionDiffusion,20250425120000,active,"1.2.250.1.213.3.3.259",TRE_R391_MotifRestrictionDiffusion,,"Nomenclature contenant les motifs de restriction de diffusion","ValueSet/JDV-J369-MotifRestrictionDiffusion-ROR"
https://mos.esante.gouv.fr/NOS/TRE_R40-CompetenceExclusive/FHIR/TRE-R40-CompetenceExclusive,20231215120000,active,"1.2.250.1.213.2.30",TRE_R40_CompetenceExclusive,,"Compétence exclusive","ValueSet/JDV-J211-CompetenceExclusive-ROR,ValueSet/JDV-J107-EnsembleSavoirFaire-RASS,ConceptMap/ASS-X08-TranscoSavoirFaireR01-SavoirFaire"
https://mos.esante.gouv.fr/NOS/TRE_R42-DESCnonQualifiant/FHIR/TRE-R42-DESCnonQualifiant,20240628120000,active,"1.2.250.1.213.2.32",TRE_R42_DESCnonQualifiant,,"Savoir-faire liés aux DESC du groupe 1 non qualifiants","ValueSet/JDV-J215-DESCnonQualifiant-ROR,ValueSet/JDV-J107-EnsembleSavoirFaire-RASS,ConceptMap/ASS-X08-TranscoSavoirFaireR01-SavoirFaire"
https://mos.esante.gouv.fr/NOS/TRE_R43-CapaciteSavoirFaire/FHIR/TRE-R43-CapaciteSavoirFaire,20231215120000,active,"1.2.250.1.213.2.33",TRE_R43_CapaciteSavoirFaire,,"Capacité (savoir-faire)","ValueSet/JDV-J107-EnsembleSavoirFaire-RASS,ConceptMap/ASS-X08-TranscoSavoirFaireR01-SavoirFaire,ValueSet/JDV-J213-CapaciteSavoirFaire-ROR"
https://mos.esante.gouv.fr/NOS/TRE_R44-QualificationPAC/FHIR/TRE-R44-QualificationPAC,20231215120000,active,"1.2.250.1.213.2.34",TRE_R44_QualificationPAC,,"Qualification de praticien adjoint contractuel","ValueSet/JDV-J214-QualificationPAC-ROR,ValueSet/JDV-J107-EnsembleSavoirFaire-RASS,ConceptMap/ASS-X08-TranscoSavoirFaireR01-SavoirFaire"
https://mos.esante.gouv.fr/NOS/TRE_R45-FonctionQualifiee/FHIR/TRE-R45-FonctionQualifiee,20231215120000,active,"1.2.250.1.213.2.35",TRE_R45_FonctionQualifiee,,"Fonction qualifiée","ValueSet/JDV-J107-EnsembleSavoirFaire-RASS"
https://mos.esante.gouv.fr/NOS/TRE_R46-SpecialiteConcoursHospitalier/FHIR/TRE-R46-SpecialiteConcoursHospitalier,20231215120000,retired,"1.2.250.1.213.2.36",TRE_R46_SpecialiteConcoursHospitalier,,"Spécialité de concours hospitalier","ConceptMap/ASS-X08-TranscoSavoirFaireR01-SavoirFaire"
https://mos.esante.gouv.fr/NOS/TRE_R48-DiplomeEtatFrancais/FHIR/TRE-R48-DiplomeEtatFrancais,20250425120000,active,"1.2.250.1.213.1.6.1.31",TRE_R48_DiplomeEtatFrancais,,"Diplôme de l'Etat français","ValueSet/JDV-J105-EnsembleDiplome-RASS,ValueSet/JDV-J183-Diplome-EPARS,ConceptMap/ASS-A28-TypeDiplome-Diplome-Profession-EPARS"
https://mos.esante.gouv.fr/NOS/TRE_R49-DiplomeEtudeSpecialisee/FHIR/TRE-R49-DiplomeEtudeSpecialisee,20240531120000,active,"1.2.250.1.213.1.6.1.32",TRE_R49_DiplomeEtudeSpecialisee,,"Diplôme d'Etudes Spécialisées","ValueSet/JDV-J105-EnsembleDiplome-RASS"
https://mos.esante.gouv.fr/NOS/TRE_R50-DESCGroupe1Diplome/FHIR/TRE-R50-DESCGroupe1Diplome,20231215120000,active,"1.2.250.1.213.1.6.1.48",TRE_R50_DESCGroupe1Diplome,,"DESC Groupe 1 (diplôme)","ValueSet/JDV-J105-EnsembleDiplome-RASS"
https://mos.esante.gouv.fr/NOS/TRE_R51-DESCGroupe2Diplome/FHIR/TRE-R51-DESCGroupe2Diplome,20231215120000,active,"1.2.250.1.213.1.6.1.49",TRE_R51_DESCGroupe2Diplome,,"DESC Groupe 2 (diplôme)","ValueSet/JDV-J105-EnsembleDiplome-RASS"
https://mos.esante.gouv.fr/NOS/TRE_R52-CapaciteDiplome/FHIR/TRE-R52-CapaciteDiplome,20231215120000,active,"1.2.250.1.213.1.6.1.50",TRE_R52_CapaciteDiplome,,"Capacité (diplôme)","ValueSet/JDV-J105-EnsembleDiplome-RASS"
https://mos.esante.gouv.fr/NOS/TRE_R53-DiplomePaysEEE/FHIR/TRE-R53-DiplomePaysEEE,20231215120000,active,"1.2.250.1.213.1.6.1.51",TRE_R53_DiplomePaysEEE,,"Diplôme d'un pays de l'EEE","ValueSet/JDV-J105-EnsembleDiplome-RASS"
https://mos.esante.gouv.fr/NOS/TRE_R54-DiplomeUniversiteInterUniversitaire/FHIR/TRE-R54-DiplomeUniversiteInterUniversitaire,20240726120000,active,"1.2.250.1.213.1.6.1.34",TRE_R54_DiplomeUniversiteInterUniversitaire,,"Diplôme d'Université ou Inter-Universitaire","ValueSet/JDV-J105-EnsembleDiplome-RASS,ValueSet/JDV-J183-Diplome-EPARS,ConceptMap/ASS-A28-TypeDiplome-Diplome-Profession-EPARS"
https://mos.esante.gouv.fr/NOS/TRE_R55-CertificatEtudeSpeciale/FHIR/TRE-R55-CertificatEtudeSpeciale,20231215120000,active,"1.2.250.1.213.1.6.1.52",TRE_R55_CertificatEtudeSpeciale,,"Certificat d'Etude Spéciale","ValueSet/JDV-J105-EnsembleDiplome-RASS"
https://mos.esante.gouv.fr/NOS/TRE_R56-Attestation/FHIR/TRE-R56-Attestation,20240329120000,active,"1.2.250.1.213.1.6.1.27",TRE_R56_Attestation,,"Attestation","ValueSet/JDV-J105-EnsembleDiplome-RASS,ValueSet/JDV-J183-Diplome-EPARS,ConceptMap/ASS-A28-TypeDiplome-Diplome-Profession-EPARS"
https://mos.esante.gouv.fr/NOS/TRE_R57-DiplomeEuropeenEtudeSpecialisee/FHIR/TRE-R57-DiplomeEuropeenEtudeSpecialisee,20231215120000,active,"1.2.250.1.213.1.6.1.33",TRE_R57_DiplomeEuropeenEtudeSpecialisee,,"Diplôme Européen d'Etudes Spécialisées","ValueSet/JDV-J105-EnsembleDiplome-RASS"
https://mos.esante.gouv.fr/NOS/TRE_R58-AutreTypeDiplome/FHIR/TRE-R58-AutreTypeDiplome,20260223120000,active,"1.2.250.1.213.1.6.1.53",TRE_R58_AutreTypeDiplome,,"Autre type de diplôme","ValueSet/JDV-J105-EnsembleDiplome-RASS,ValueSet/JDV-J183-Diplome-EPARS,ConceptMap/ASS-A28-TypeDiplome-Diplome-Profession-EPARS"
https://mos.esante.gouv.fr/NOS/TRE_R60-AutoriteEnregistrement/FHIR/TRE-R60-AutoriteEnregistrement,20260629120000,active,"1.2.250.1.213.1.6.1.57",TRE_R60_AutoriteEnregistrement,,"Autorité d'enregistrement","ConceptMap/ASS-A29-Departement-AE,ValueSet/JDV-J170-AutoriteEnregistrement-EPARS,ValueSet/JDV-J83-AutoriteEnregistrement-RASS"
https://mos.esante.gouv.fr/NOS/TRE_R62-Domaine/FHIR/TRE-R62-Domaine,20231215120000,active,"1.2.250.1.213.1.6.1.59",TRE_R62_Domaine,,"Domaine","ValueSet/vs-tre-r62-domaine-all"
https://mos.esante.gouv.fr/NOS/TRE_R66-CategorieEtablissement/FHIR/TRE-R66-CategorieEtablissement,20260505120000,active,"1.2.250.1.213.1.6.1.8",TRE_R66_CategorieEtablissement,,"Catégorie d'établissements","ValueSet/JDV-J129-CategorieEtablissement-RASS,ValueSet/jdv-structure-de-soins-cisis,ValueSet/JDV-J254-CategorieEtablissementESSMSPH,ValueSet/JDV-J55-CategorieEG-ROR"
https://mos.esante.gouv.fr/NOS/TRE_R67-TypeStructure-EJ-EG/FHIR/TRE-R67-TypeStructure-EJ-EG,20231215120000,active,"1.2.250.1.213.1.6.1.62",TRE_R67_TypeStructure_EJ_EG,,"Type de structure","ValueSet/JDV-J203-TypeOrganisationInterne-ROR"
https://mos.esante.gouv.fr/NOS/TRE_R69-FinessAgregatStatutJuridiqueNiv2/FHIR/TRE-R69-FinessAgregatStatutJuridiqueNiv2,20231215120000,active,"1.2.250.1.213.1.6.1.64",TRE_R69_FinessAgregatStatutJuridiqueNiv2,,"Agrégats de statuts juridiques FINESS niveau 2","ValueSet/JDV-J200-SousEnsembleAgregatStatutJuridique-ROR"
https://mos.esante.gouv.fr/NOS/TRE_R72-FinessStatutJuridique/FHIR/TRE-R72-FinessStatutJuridique,20240329120000,active,"1.2.250.1.213.1.6.1.44",TRE_R72_FinessStatutJuridique,,"Statuts juridiques provenant de FINESS, excepté pour les codes 000 et 100 à 110 qui ont été ajoutés pour les besoins du RPPS en 2017.","ValueSet/JDV-J199-StatutJuridique-ROR,ValueSet/JDV-J127-StatutJuridique-ENREG,ValueSet/JDV-J100-FinessStatutJuridique-RASS,ValueSet/JDV-J173-FinessStatutJuridique-EPARS"
https://mos.esante.gouv.fr/NOS/TRE_R73-ESPIC/FHIR/TRE-R73-ESPIC,20231215120000,active,"1.2.250.1.213.1.6.1.45",TRE_R73_ESPIC,,"Etablissement de santé privé d'intérêt collectif","ValueSet/JDV-J162-ESPIC-RASS,ValueSet/vs-tre-r73-espic-all,ValueSet/JDV-J202-ESPIC-ROR"
https://mos.esante.gouv.fr/NOS/TRE_R74-ModeFixationTarifaire/FHIR/TRE-R74-ModeFixationTarifaire,20251222120000,active,"1.2.250.1.213.1.6.1.46",TRE_R74_ModeFixationTarifaire,,"Mode de fixation tarifaire","ValueSet/JDV-J259-ModeFixationTarifaire-RASS,ValueSet/vs-tre-r74-mode-fixation-tarifaire-all"
https://mos.esante.gouv.fr/NOS/TRE_R75-InseeNAFrev2Niveau5/FHIR/TRE-R75-InseeNAFrev2Niveau5,20260223120000,retired,"1.2.250.1.213.1.6.1.47",TRE_R75_InseeNAFrev2Niveau5,,"Sous-classes de la Nomenclature d'Activités Française - INSEE","ValueSet/JDV-J99-InseeNAFrav2Niveau5-RASS"
https://mos.esante.gouv.fr/NOS/TRE_R78-ProfilAccesReferentiel/FHIR/TRE-R78-ProfilAccesReferentiel,20250523120000,active,"1.2.250.1.213.1.6.1.66",TRE_R78_ProfilAccesReferentiel,,"Profil d'accès aux référentiels","ValueSet/JDV-J68-ProfilAccesReferentiel-ROR"
https://mos.esante.gouv.fr/NOS/TRE_R81-Civilite/FHIR/TRE-R81-Civilite,20231215120000,active,"1.2.250.1.213.1.6.1.69",TRE_R81_Civilite,,"Civilité","ValueSet/JDV-J245-Civilite-CISIS,ValueSet/JDV-J207-Civilite-ROR,ValueSet/JDV-J12-CiviliteTitre-CISIS,ValueSet/JDV-J113-Civilite-ENREG,ValueSet/JDV-J78-Civilite-RASS"
https://mos.esante.gouv.fr/NOS/TRE_R85-RolePriseCharge/FHIR/TRE-R85-RolePriseCharge,20260505120000,active,"1.2.250.1.213.1.6.1.107",TRE_R85_RolePriseCharge,,"Rôle dans la prise en charge des patients ou des usagers","ConceptMap/ASS-A20-RolePriseCharge-GenreActivite,ValueSet/JDV-J108-EnsembleFonction-RASS,ValueSet/JDV-J71-ProfessionFonction-MSSante,ValueSet/jdv-profession-personnel-activite-cisis,ValueSet/JDV-J47-FunctionCode-CISIS,ValueSet/JDV-J48-ProfessionNonPS-CISIS,ValueSet/jdv-j387-role-participant-ms,ValueSet/JDV-J56-AuthorSpecialty-DMP,ValueSet/JDV-J54-Profession-ROR,ValueSet/JDV-J05-SubjectRole-CISIS,ValueSet/JDV-J186-ProfessionRessource-ROR,ValueSet/JDV-J121-RolePriseCharge-ENREG,ValueSet/JDV-J65-SubjectRole-DMP,ValueSet/JDV-J01-XdsAuthorSpecialty-CISIS"
https://mos.esante.gouv.fr/NOS/TRE_R87-TypeCarte/FHIR/TRE-R87-TypeCarte,20231215120000,active,"1.2.250.1.213.1.6.1.106",TRE_R87_TypeCarte,,"Type de carte","ValueSet/JDV-J128-TypeCarte-RASS"
https://mos.esante.gouv.fr/NOS/TRE_R88-TerritoireSante/FHIR/TRE-R88-TerritoireSante,20231215120000,active,"1.2.250.1.213.1.6.1.104",TRE_R88_TerritoireSante,,"Territoire de Santé (au sens ARS) en France","ValueSet/JDV-J249-TerritoireSante-ROR"
https://mos.esante.gouv.fr/NOS/TRE_R94-ProfessionSocial/FHIR/TRE-R94-ProfessionSocial,20241213120000,active,"1.2.250.1.213.1.6.1.4",TRE_R94_ProfessionSocial,,"Profession du social","ValueSet/JDV-J166-Profession-EPARS,ConceptMap/ASS-A30-TypeAutorisation-Profession-EPARS,ValueSet/JDV-J05-SubjectRole-CISIS,ValueSet/jdv-profession-personnel-activite-cisis,ValueSet/JDV-J186-ProfessionRessource-ROR,ValueSet/JDV-J48-ProfessionNonPS-CISIS,ValueSet/JDV-J65-SubjectRole-DMP,ValueSet/JDV-J106-EnsembleProfession-RASS,ValueSet/JDV-J01-XdsAuthorSpecialty-CISIS,ValueSet/JDV-J54-Profession-ROR,ValueSet/JDV-J56-AuthorSpecialty-DMP"
https://mos.esante.gouv.fr/NOS/TRE_R95-UsagerTitre/FHIR/TRE-R95-UsagerTitre,20241213120000,active,"1.2.250.1.213.1.6.1.109",TRE_R95_UsagerTitre,,"Usager de titre professionnel","ValueSet/JDV-J166-Profession-EPARS,ConceptMap/ASS-A30-TypeAutorisation-Profession-EPARS,ValueSet/JDV-J05-SubjectRole-CISIS,ValueSet/jdv-profession-personnel-activite-cisis,ValueSet/JDV-J186-ProfessionRessource-ROR,ValueSet/JDV-J48-ProfessionNonPS-CISIS,ValueSet/JDV-J65-SubjectRole-DMP,ValueSet/JDV-J106-EnsembleProfession-RASS,ValueSet/JDV-J01-XdsAuthorSpecialty-CISIS,ValueSet/JDV-J54-Profession-ROR,ValueSet/JDV-J56-AuthorSpecialty-DMP"
https://mos.esante.gouv.fr/NOS/TRE_R96-AutreFonctionSanitaire/FHIR/TRE-R96-AutreFonctionSanitaire,20231215120000,active,"1.2.250.1.213.1.6.1.110",TRE_R96_AutreFonctionSanitaire,,"Autres fonctions du domaine sanitaire","ValueSet/JDV-J108-EnsembleFonction-RASS,ValueSet/JDV-J186-ProfessionRessource-ROR,ValueSet/JDV-J54-Profession-ROR"
https://mos.esante.gouv.fr/NOS/TRE_R97-DroitExerciceCompl/FHIR/TRE-R97-DroitExerciceCompl,20231215120000,active,"1.2.250.1.213.1.6.1.111",TRE_R97_DroitExerciceCompl,,"Droit d'exercice complémentaire","ValueSet/JDV-J216-DroitExerciceCompl-ROR,ValueSet/JDV-J107-EnsembleSavoirFaire-RASS"
https://smt.esante.gouv.fr/fhir/CodeSystem/terminologie-cisis,202606190000,active,"1.2.250.1.213.1.1.4.322",TerminologieCISIS,TerminologieCISIS - Terminologie des concepts non trouvés dans les autres terminologies,"Terminologie multi-domaines créée et maintenue par l'ANS contenant les termes non trouvés dans les autres terminologies internationales ou nationales.","ValueSet/jdv-enfant-expose-aux-ecrans-cs24-cisis,ValueSet/jdv-gir-cisis,ValueSet/jdv-modalite-entree-esms-cisis,ValueSet/jdv-conclusion-simplifiee-ccu-cisis,ValueSet/jdv-type-de-lentille-cisis,ValueSet/jdv-transfert-mutation-cisis,ValueSet/jdv-artere-anterieure-cisis,ValueSet/jdv-gene-cisis,ValueSet/jdv-situation-matrimoniale-cisis,ValueSet/jdv-type-garde-cisis,ValueSet/jdv-examen-realise-cisis,ValueSet/jdv-tnm-ptnm-pn-cisis,ValueSet/jdv-type-service-cisis,ValueSet/jdv-localisation-hemorragie-cerebrale-cisis,ValueSet/jdv-nvpo-cisis,ValueSet/jdv-profession-exposee-cisis,ValueSet/jdv-vie-en-collectivite-cisis,ValueSet/jdv-situation-medicale-cisis,ValueSet/jdv-traite-nontraite-cisis,ValueSet/jdv-type-allaitement-nouveau-ne-cisis,ValueSet/jdv-statut-actuel-diagnostic-cisis,ValueSet/jdv-type-de-suivi-cisis,ValueSet/jdv-classification-acr-1-cisis,ValueSet/jdv-mode-sortie-obp-sem-cisis,ValueSet/jdv-trousse-ccu-cisis,ValueSet/jdv-territoire-infarctus-cisis,ValueSet/jdv-mode-sortie-obp-scm-cisis,ValueSet/jdv-technique-diagnostic-cisis,ValueSet/jdv-methode-accouchement-cisis,ValueSet/jdv-type-de-mesure-dispositif-oculaire-cisis,ValueSet/jdv-type-de-mesure-de-refraction-cisis,ValueSet/jdv-type-lecture-cisis,ValueSet/jdv-anomalie-croissance-cisis,ValueSet/jdv-ufcv-localisation-sonde-cisis,ValueSet/jdv-resultat-depistage-surdite-cisis,ValueSet/jdv-prise-en-charge-reguliere-cisis,ValueSet/jdv-conduite-a-tenir-1-cisis,ValueSet/jdv-addiction-cisis,ValueSet/jdv-methode-de-mesure-acuite-visuelle-cisis,ValueSet/jdv-contexte-examen-ccu-cisis,ValueSet/jdv-methode-preparation-echantillon-cisis,ValueSet/jdv-type-lesion-imagerie-cisis,ValueSet/jdv-tnm-ptnm-pt-3-cisis,ValueSet/jdv-mesure-lentille-prescrite-cisis,ValueSet/jdv-static-sem-procedure-cisis,ValueSet/jdv-delimitation-activite-cisis,ValueSet/jdv-lieu-accouchement-cisis,ValueSet/jdv-motif-declenchement-travail-cisis,ValueSet/jdv-type-accompagnement-sociopro-cisis,ValueSet/jdv-injection-pdc-tep-cisis,ValueSet/jdv-type-evenement-ssiad-cisis,ValueSet/jdv-modalite-entree-cisis,ValueSet/jdv-tnm-ptnm-pt-2-cisis,ValueSet/jdv-type-presentation-cisis,ValueSet/jdv-registre-ern-cisis,ValueSet/jdv-complication-neuropsychiatrique-cisis,ValueSet/jdv-nature-discussion-cisis,ValueSet/jdv-evaluation-neurocognitive-cisis,ValueSet/jdv-age-de-survenue-cisis,ValueSet/jdv-localisation-thrombose-veineuse-cisis,ValueSet/jdv-complication-digestive-cisis,ValueSet/jdv-type-evaluation-cisis,ValueSet/jdv-type-resultat-cisis,ValueSet/jdv-type-intubation-cisis,ValueSet/jdv-aide-au-deplacement-cisis,ValueSet/jdv-cervelet-localisation-cisis,ValueSet/jdv-ufcv-effet-inr-cisis,ValueSet/jdv-cause-accident-domestique-cisis,ValueSet/jdv-antecedent-obstetrical-obp-cisis,ValueSet/jdv-cdd-fa-cisis,ValueSet/jdv-motif-non-realisation-evenement-cisis,ValueSet/jdv-type-directive-anticipee-cisis,ValueSet/jdv-mesure-protection-conduite-automobile-cisis,ValueSet/jdv-contreindication-thrombolyse-cisis,ValueSet/jdv-mode-sortie-cisis,ValueSet/jdv-antecedent-obstetrical-cisis,ValueSet/jdv-antecedent-cse9-cisis,ValueSet/jdv-type-acte-post-partum-cisis,ValueSet/jdv-risque-pour-entourage-cisis,ValueSet/jdv-hemisphere-lobaire-cisis,ValueSet/jdv-tnm-ptnm-pt-1-cisis,ValueSet/jdv-mesure-type-verre-delivre-cisis,ValueSet/jdv-classification-acr-cisis,ValueSet/jdv-presentation-foetale-cisis,ValueSet/jdv-info-deces-cs8-cisis,ValueSet/jdv-niveau-etude-cisis,ValueSet/jdv-origine-effet-indesirable-cisis,ValueSet/jdv-type-acte-eunv-cisis,ValueSet/jdv-conduite-a-tenir-2-cisis,ValueSet/jdv-type-rencontre-obp-cisis,ValueSet/jdv-patient-adresse-par-cisis,ValueSet/jdv-mesure-verre-prescrit-cisis,ValueSet/jdv-type-produit-sanguin-labile-cisis,ValueSet/jdv-handicap-deficit-dlu-dom-cisis,ValueSet/jdv-type-de-mesure-acuite-visuelle-cisis,ValueSet/jdv-ufcv-polarite-sonde-cisis,ValueSet/jdv-date-consultation-cisis,ValueSet/jdv-motif-echographie-cisis,ValueSet/jdv-type-anesthesie-cisis,ValueSet/jdv-examen-clinique-cisis,ValueSet/jdv-complication-cisis,ValueSet/jdv-bilan-technique-cisis,ValueSet/jdv-couverture-sociale-cisis,ValueSet/jdv-contexte-activite-cisis,ValueSet/jdv-ressource-utilisee-cisis,ValueSet/jdv-qualification-fraction-cisis,ValueSet/jdv-rencontre-cs8-cisis,ValueSet/jdv-mode-sortie-obp-snm-cisis,ValueSet/jdv-type-conclusion-cisis,ValueSet/jdv-structure-de-soins-cisis,ValueSet/jdv-type-de-prisme-cisis,ValueSet/jdv-statut-quorum-cisis,ValueSet/jdv-aspect-liquide-amniotique-cisis,ValueSet/jdv-fonction-etudiee-scintigraphie-cisis,ValueSet/jdv-exposition-west-nile-cisis,ValueSet/jdv-batterie-examen-cisis,ValueSet/jdv-destination-obp-sne-cisis,ValueSet/jdv-resultat-comparaison-cisis,ValueSet/jdv-collectivite-sujets-a-risque-rougeole-cisis,ValueSet/jdv-score-braden-resultat-cisis,ValueSet/jdv-type-anesthesie-apres-naissance-cisis,ValueSet/JDV-J164-GlucoseNumberOfDays-ENS,ValueSet/jdv-acte-cs8-cisis,ValueSet/jdv-motif-diagnostic-cisis,ValueSet/jdv-facteur-de-risque-avc-cisis,ValueSet/jdv-prothese-objet-personnel-cisis,ValueSet/jdv-tnm-ptnm-pm-cisis,ValueSet/jdv-modalite-sortie-esms-cisis,ValueSet/jdv-activite-cisis,ValueSet/jdv-score-fisher-cisis,ValueSet/jdv-age-cisis,ValueSet/jdv-cause-cesarienne-cisis,ValueSet/jdv-reprise-professionnelle-cisis,ValueSet/jdv-type-intervention-voie-basse-cisis,ValueSet/jdv-detail-materiel-specialise-cisis,ValueSet/jdv-mode-naissance-cisis,ValueSet/jdv-motif-hospitalisation-cse-cisis,ValueSet/jdv-motif-mise-a-jour-cisis,ValueSet/jdv-examen-enfant-obligatoire-cisis,ValueSet/jdv-niveau-dependance-cisis,ValueSet/jdv-raison-non-realisation-cisis,ValueSet/jdv-destination-transfert-cisis,ValueSet/jdv-conduite-a-tenir-3-cisis,ValueSet/jdv-modalite-demande-acte-imagerie-cisis,ValueSet/jdv-disposition-pretherapeutique-cisis,ValueSet/jdv-tnm-ptnm-pn-1-cisis,ValueSet/jdv-mesure-associee-cisis,ValueSet/jdv-raison-absence-etiologie-cisis,ValueSet/jdv-ufcv-connexion-sonde-cisis,ValueSet/jdv-autre-symptome-ex-neuro-cisis,ValueSet/jdv-type-dossier-cisis,ValueSet/jdv-statut-cas-presente-cisis,ValueSet/jdv-rencontre-cs9-cs24-cisis,ValueSet/jdv-milieu-cytologie-ccu-cisis,ValueSet/jdv-developpement-psychomoteur-cs24-cisis,ValueSet/jdv-type-traitement-pps-cisis,ValueSet/jdv-mesure-type-verre-prescrit-cisis,ValueSet/jdv-densite-mammaire-cisis,ValueSet/jdv-trouble-visuel-cisis,ValueSet/jdv-tnm-ptnm-pm-2-cisis,ValueSet/jdv-mesure-verre-delivre-cisis,ValueSet/jdv-score-glasgow-cisis,ValueSet/jdv-mode-accouchement-cisis,ValueSet/jdv-mesure-lentille-delivree-cisis,ValueSet/jdv-facteur-risque-rougeole-cisis,ValueSet/jdv-evenement-accouchement-cisis,ValueSet/jdv-nature-materiel-etudie-cisis,ValueSet/jdv-bio-instruction-patient-cisis,ValueSet/jdv-antecedent-cse24-cisis,ValueSet/jdv-juridique-cisis,ValueSet/jdv-support-nutritionnel-cisis,ValueSet/jdv-gravite-cisis,ValueSet/jdv-avis-medical-complementaire-cisis,ValueSet/jdv-etiologie-infarctus-cisis,ValueSet/jdv-risque-pour-usager-cisis,ValueSet/jdv-ufcv-code-entree-cisis,ValueSet/jdv-checklist-fludr-cisis,ValueSet/jdv-type-traitement-frcp-cisis,ValueSet/jdv-artere-cervelet-cisis,ValueSet/jdv-resultat-examen-cytologique-ccu-cisis,ValueSet/jdv-type-prise-en-charge-cisis,ValueSet/jdv-traitement-soins-frcp-cisis,ValueSet/jdv-classification-acr-echographie-cisis,ValueSet/jdv-examen-complementaire-cisis,ValueSet/jdv-nature-fraction-cisis,ValueSet/jdv-investigation-realisee-cisis,ValueSet/jdv-type-anesthesie-avant-naissance-cisis,ValueSet/jdv-etat-de-conscience-cisis,ValueSet/jdv-etiologie-hemorragie-cisis,ValueSet/jdv-ufcv-motif-implant-cisis,ValueSet/jdv-observation-grossesse-cisis,ValueSet/JDV-J157-MomentGlucose-ENS,ValueSet/jdv-soin-onco-de-support-cisis,ValueSet/jdv-prise-en-charge-specifique-cisis,ValueSet/jdv-classification-acr-2-cisis,ValueSet/jdv-info-prise-en-charge-cisis,ValueSet/jdv-checklist-dlu-cisis,ValueSet/jdv-phase-cancer-cisis,ValueSet/jdv-contre-indication-cisis,ValueSet/jdv-evaluation-ssiad-cisis,ValueSet/jdv-fonction-etudiee-tep-cisis,ValueSet/jdv-investigation-realisee-sunv-cisis,ValueSet/jdv-ufcv-motif-implant-endoprothese-cisis,ValueSet/jdv-voie-abord-cisis,ValueSet/jdv-complication-urinaire-cisis,ValueSet/jdv-modalite-sortie-cisis,ValueSet/jdv-complication-neurologique-cisis,ValueSet/jdv-type-mammographie-cisis,ValueSet/jdv-geste-reanimation-nouveau-ne-cisis,ValueSet/jdv-progression-cancer-cisis,ValueSet/jdv-mode-de-transport-cisis,ValueSet/jdv-traitement-suivi-cisis,ValueSet/jdv-artere-posterieure-cisis,ValueSet/jdv-type-motorisation-cisis,ValueSet/jdv-acte-cse-cisis,ValueSet/jdv-patho-1ere-semaine-cs8-cisis,ValueSet/jdv-mode-sortie-obp-sne-cisis,ValueSet/jdv-cliche-techniquement-insuffisant-cisis,ValueSet/jdv-score-duke-cisis,ValueSet/jdv-antecedant-medical-cisis,ValueSet/jdv-document-annexe-fludr-cisis,ValueSet/jdv-detail-ressource-immobiliere-utilisee-cisis,ValueSet/jdv-complication-pulmonaire-cisis,ValueSet/jdv-section-document-cisis,ValueSet/jdv-obp-resultat-evenement-cisis,ValueSet/jdv-evolution-cisis,ValueSet/jdv-type-analgesie-cisis,ValueSet/JDV-J154-TypeGlucose-ENS,ValueSet/jdv-gestion-effet-secondaire-cisis,ValueSet/jdv-deficience-physique-cisis,ValueSet/jdv-resultat-question-evaluation-cisis,ValueSet/jdv-motif-consultation-ophtalmologique-cisis,ValueSet/jdv-acte-obp-cisis,ValueSet/jdv-duree-allaitement-cisis,ValueSet/jdv-evaluation-douleur-cisis,ValueSet/jdv-classification-ring-messmer-cisis,ValueSet/jdv-reperage-trouble-neurodeveloppement-cisis,ValueSet/jdv-type-evenement-indesirable-previsible-cisis,ValueSet/jdv-type-de-verre-prescrit-cisis,ValueSet/jdv-polypathologies-avc-cisis"
https://smt.esante.gouv.fr/fhir/CodeSystem/tre-r347-activite-sanitaire-diverse-regulee,20260629120000,active,"1.2.250.1.213.1.6.1.248",TreR347ActiviteSanitaireDiverseRegulee,Tre R347 Activite Sanitaire Diverse Regulee,"Nomenclature des activités sanitaires utilisée pour décrire les Activités Sanitaires Diverses Régulées (ASDR)","ValueSet/jdv-j334-activite-sanitaire-diverse-regulee-niv2-finess,ValueSet/jdv-j418-activite-sanitaire-diverse-regulee-active,ValueSet/jdv-j335-activite-sanitaire-diverse-regulee-niv3-finess,ValueSet/jdv-j333-activite-sanitaire-diverse-regulee-niv1-finess,ValueSet/jdv-j240-activite-sanitaire-diverse-regulee-finess"
https://smt.esante.gouv.fr/fhir/CodeSystem/tre-r360-type-role-entite-groupe,20260330120000,active,"1.2.250.1.213.1.6.1.254",TreR360TypeRoleEntiteGroupe,Tre R360 Type Role Entite Groupe,"Nomenclature des types de rôles que peuvent exercer des entités participants à des groupements","ValueSet/jdv-j296-type-role-entite-groupe-finess"
https://smt.esante.gouv.fr/fhir/CodeSystem/tre-r361-fonction-publique,20260330120000,active,"1.2.250.1.213.1.6.1.255",TreR361FonctionPublique,Tre R361 Fonction Publique,"Nomenclature des versants de la fonction publique","ValueSet/vs-tre-r361-fonction-publique-all"
https://smt.esante.gouv.fr/fhir/CodeSystem/tre-r362-type-budget,20260330120000,active,"1.2.250.1.213.1.6.1.256",TreR362TypeBudget,Tre R362 Type Budget,"Nomenclature des types de budget associés aux Entités Géographiques d'Exercice (EGE) dans FINESS+","ValueSet/vs-tre-r362-type-budget-all"
https://smt.esante.gouv.fr/fhir/CodeSystem/tre-r364-type-document-administratif,20260629120000,active,"1.2.250.1.213.1.6.1.258",TreR364TypeDocumentAdministratif,Tre R364 Type Document Administratif,"Nomenclature des types de documents administratif ( exemple : agrément, convention...) Remarque : Cette nomenclature est initialisée avec les types de documents informatifs et justificatifs pouvant être associés à une entité FINESS","ValueSet/jdv-j294-document-justificatif-finess,ValueSet/jdv-j295-document-informatif-finess"
https://smt.esante.gouv.fr/fhir/CodeSystem/tre-r365-etat-objet,20260629120000,active,"1.2.250.1.213.1.6.1.259",TreR365EtatObjet,Tre R365 Etat Objet,"Nomenclature des états élémentaires d'un objet du MOS organisés en etat actifs et en etats inactifs. Remarque : Cette nomenclature est initialisée avec les états que peuvent porter les entités et activités FINESS+","ValueSet/jdv-j371-etat-objet-administratif-finess"
https://smt.esante.gouv.fr/fhir/CodeSystem/tre-r366-type-objet,20260629120000,active,"1.2.250.1.213.1.6.1.260",TreR366TypeObjet,Tre R366 Type Objet,"Nomenclature des types d’objets du MOS.  Remarque : Cette nomenclature est juste initialisée avec les types d’objet FINESS+","ValueSet/jdv-j300-type-objet-finess"
https://smt.esante.gouv.fr/fhir/CodeSystem/tre-r370-role-relation-ege,20260505120000,active,"1.2.250.1.213.1.6.1.286",TreR370RoleRelationEge,Tre R370 Role Relation Ege,"Nomenclature des types de rôle existant entre les Entités Géographiques d'Exercice (EGE) au sein d'une PM-SMSSE","ValueSet/vs-tre-r370-role-relation-ege-all"
https://smt.esante.gouv.fr/fhir/CodeSystem/tre-r371-type-groupe-gcc,20260330120000,active,"1.2.250.1.213.1.6.1.287",TreR371TypeGroupeGcc,Tre R371 Type Groupe Gcc,"Nomenclature des types de groupement Concernant les groupement de structure on a 2 catégories de regroupement : les Groupement de Coopération Conventionnelle, les Groupement de Coopération Organique","ValueSet/jdv-j306-type-groupe-gcc-finess"
https://smt.esante.gouv.fr/fhir/CodeSystem/tre-r372-type-groupe-gco,20260330120000,active,"1.2.250.1.213.1.6.1.288",TreR372TypeGroupeGco,Tre R372 Type Groupe Gco,"Nomenclature des types de Groupement de Coopération Organique (GCO)","ValueSet/jdv-j289-type-groupe-gco-finess"
https://smt.esante.gouv.fr/fhir/CodeSystem/tre-r373-type-personne-morale,20260505120000,active,"1.2.250.1.213.1.6.1.253",TreR373TypePersonneMorale,Tre R373 Type Personne Morale,"Nomenclature des types de PM-SMSSE (Personne Morale du champ Sanitaire, Médico-social, Social et Enseignement sur les professions de ces champs). Remarque : Cette TRE est juste initialisée à minima et a vocation à porter d'autres valurs.","ValueSet/vs-tre-r373-type-personne-morale-all"
https://smt.esante.gouv.fr/fhir/CodeSystem/tre-r374-nature-activite-smsse-regulee,20260505120000,active,"1.2.250.1.213.1.6.1.289",TreR374NatureActiviteSmsseRegulee,Tre R374 Nature Activite Smsse Regulee,"Nomenclature des grandes natures d'activité SMSSE exercées par les entités FINESS+","ValueSet/vs-tre-r374-nature-activite-smsse-regulee-all"
https://smt.esante.gouv.fr/fhir/CodeSystem/tre-r375-mode-financement,20260330120000,active,"1.2.250.1.213.1.6.1.290",TreR375ModeFinancement,Tre R375 Mode Financement,"Nomenclature des modes de financement associés aux capacités de certaines activitées SMSSE","ValueSet/vs-tre-r375-mode-financement-all"
https://smt.esante.gouv.fr/fhir/CodeSystem/tre-r376-type-evenement-administratif,20260629120000,active,"1.2.250.1.213.1.6.1.291",TreR376TypeEvenementAdministratif,Tre R376 Type Evenement Administratif,"Nomenclature des événements administratifs pertinents pour un cycle de vie d'un Objet de Santé (du MOS) Remarque : Cette nomenclature est initialisée avec les évenements affectant le cycle de vie des entités et activités enregistrées dans FINESS+","ValueSet/jdv-j297-type-evenement-administratif-finess"
https://smt.esante.gouv.fr/fhir/CodeSystem/tre-r377-usage-adresse,20260629120000,active,"1.2.250.1.213.1.6.1.292",TreR377UsageAdresse,Tre R377 Usage Adresse,"Nomenclature des types des adresses Remarque : Cette TRE est juste intialisée avec les codes FINESS.","ValueSet/jdv-j313-usage-adresse-finess"
https://smt.esante.gouv.fr/fhir/CodeSystem/tre-r378-motif-arrete,20260629120000,active,"1.2.250.1.213.1.6.1.293",TreR378MotifArrete,Tre R378 Motif Arrete,"Nomenclature des motifs des arrêtés Remarque : Cette TRE est juste initialisée avec les codes FINESS+","ValueSet/vs-tre-r378-motif-arrete-all"
https://smt.esante.gouv.fr/fhir/CodeSystem/tre-r379-systeme-information,20260629120000,active,"1.2.250.1.213.1.6.1.294",TreR379SystemeInformation,Tre R379 Systeme Information,"Nomenclature des systemes d’information généralement déclarés pour définir les caractéristiques des identifiants ou des événements Remarque : Cette TRE est initialisée avec les codes FINESS","ValueSet/jdv-j299-systeme-information-finess"
https://smt.esante.gouv.fr/fhir/CodeSystem/tre-r381-activite-amm,20260330120000,active,"1.2.250.1.213.1.6.1.296",TreR381ActiviteAmm,Tre R381 Activite Amm,"Nomenclature des activités de soin AMM","ValueSet/vs-tre-r381-activite-amm-all"
https://smt.esante.gouv.fr/fhir/CodeSystem/tre-r382-modalite-act-de-soin-amm,20260330120000,active,"1.2.250.1.213.1.6.1.297",TreR382ModaliteActDeSoinAmm,Tre R382 Modalite Act De Soin Amm,"Nomenclature des modalités pour les activités de soin AMM","ValueSet/vs-tre-r382-modalite-act-de-soin-amm-all"
https://smt.esante.gouv.fr/fhir/CodeSystem/tre-r383-mention-act-de-soin-amm,20260330120000,active,"1.2.250.1.213.1.6.1.298",TreR383MentionActDeSoinAmm,Tre R383 Mention Act De Soin Amm,"Nomenclature des mentions pour les activités de soin AMM","ValueSet/vs-tre-r383-mention-act-de-soin-amm-all"
https://smt.esante.gouv.fr/fhir/CodeSystem/tre-r384-pratique-therapeutique-specifique-act-de-soin-amm,20260330120000,active,"1.2.250.1.213.1.6.1.299",TreR384PratiqueTherapeutiqueSpecifiqueActDeSoinAmm,Tre R384 Pratique Therapeutique Specifique Act De Soin Amm,"Nomenclature des pratiques thérapeutiques spécifiques pour les activités de soin AMM","ValueSet/vs-tre-r384-pratique-therapeutique-specifique-act-soin-amm-all"
https://smt.esante.gouv.fr/fhir/CodeSystem/tre-r385-declaration-act-de-soin-amm,20260330120000,active,"1.2.250.1.213.1.6.1.300",TreR385DeclarationActDeSoinAmm,Tre R385 Declaration Act De Soin Amm,"Nomenclature des déclarations pour les activités de soin AMM","ValueSet/vs-tre-r385-declaration-act-de-soin-amm-all"
https://smt.esante.gouv.fr/fhir/CodeSystem/tre-r386-macro-etat-objet-administratif,20260629120000,active,"1.2.250.1.213.1.6.1.301",TreR386MacroEtatObjetAdministratif,Tre R386 Macro Etat Objet Administratif,"Nomenclature des macro-etat des structures FINESS qui dérivent de l'état de l'objet. Permet de distinguer les structures actives de celles inactives.","ValueSet/jdv-j298-macro-etat-objet-administratif-finess"
https://smt.esante.gouv.fr/fhir/CodeSystem/tre-r387-type-groupement,20260330120000,active,"1.2.250.1.213.1.6.1.302",TreR387TypeGroupement,Tre R387 Type Groupement,"Nomenclature des types de groupement utilisables dans FINESS. Groupement de coopération conventionnelle ou Groupement de coopération organique","ValueSet/jdv-j305-type-groupement-finess"
https://smt.esante.gouv.fr/fhir/CodeSystem/tre-r388-type-logement,20260330120000,active,"1.2.250.1.213.1.6.1.303",TreR388TypeLogement,Tre R388 Type Logement,"Nomenclature des types de logement associées aux capacités Remarque : cette nomenclature est initialisée avec les besoins FINESS+","ValueSet/vs-tre-r388-type-logement-all"
https://smt.esante.gouv.fr/fhir/CodeSystem/tre-r389-statut-bilan-projet-personnalise,20250418120000,active,"1.2.250.1.213.3.3.257",TreR389StatutBilanProjetPersonnalise,Tre R389 Statut Bilan Projet Personnalise,"Statut du bilan du projet personnalisé.","ValueSet/jdv-j366-statut-bilan-projet-personnalise-ms"
https://smt.esante.gouv.fr/fhir/CodeSystem/tre-r390-type-projet-personnalise,20250422120000,active,"1.2.250.1.213.3.3.258",TreR390TypeProjetPersonnalise,Tre R390 Type Projet Personnalise,"Cette nomenclature donne le type de projet personnalisé qui est un document co-construit par l'usager, son entourage familial et professionnel du médico-social.","ValueSet/jdv-j367-type-projet-personnalise-ms"
https://smt.esante.gouv.fr/fhir/CodeSystem/tre-r392-type-act-smsse-regulee,20260629120000,active,"1.2.250.1.213.1.6.1.374",TreR392TypeActSmsseRegulee,Tre R392 Type Act Smsse Regulee,"Type activité SMSSE régulée","ValueSet/jdv-j336-type-act-sanitaire-diverse-regulee-finess,ValueSet/jdv-j340-type-act-de-soin-amf-finess,ValueSet/jdv-j350-type-act-de-soin-amm-finess,ValueSet/vs-tre-r392-type-act-smsse-regulee-all,ValueSet/jdv-j344-type-act-equipement-materiel-lourd-finess,ValueSet/jdv-j332-type-act-medico-sociale-regulee-finess,ValueSet/jdv-j322-type-act-enseignement-regulee-finess,ValueSet/jdv-j331-type-act-sociale-regulee-finess,ValueSet/jdv-j342-type-act-soumise-a-reconnaissance-finess,ValueSet/jdv-j341-type-act-autre-acte-soin-finess"
https://smt.esante.gouv.fr/fhir/CodeSystem/tre-r393-type-contrat-sejour,20250521120000,active,"1.2.250.1.213.3.3.260",TreR393TypeContratSejour,Tre R393 Type Contrat Sejour,"Type de contrat conclu entre l’établissement/service et la personne/son représentant légal lors de son entrée en établissement","ValueSet/jdv-j370-type-contrat-sejour-ms"
https://smt.esante.gouv.fr/fhir/CodeSystem/tre-r394-competence-metier,20250625120000,active,"1.2.250.1.213.1.6.1.375",TreR394CompetenceMetier,Tre R394 Competence Metier,"Type de savoir-faire opérationnel, transversal ou spécifique, acquis et exercé à titre non exclusif dans le cadre d’une activité professionnelle reconnue.","ValueSet/JDV-J107-EnsembleSavoirFaire-RASS"
https://smt.esante.gouv.fr/fhir/CodeSystem/tre-r395-engagement,20260629120000,active,"1.2.250.1.213.1.6.1.376",TreR395Engagement,Tre R395 Engagement,"Nomenclature hiérarchique des engagements associés dans FINESS+ aux Personnes morales, aux entités géographique, aux groupements ou à leurs activités. Cette TRE remplace la TRE-R278-Convention","ValueSet/jdv-j314-engagement-finess,ValueSet/jdv-j293-type-engagement-finess"
https://smt.esante.gouv.fr/fhir/CodeSystem/tre-r396-autorite,20260629120000,active,"1.2.250.1.213.1.6.1.377",TreR396Autorite,Tre R396 Autorite,"liste des autorités structurée en plusieurs types d'autorités : Ordres, ARS, ...","ValueSet/jdv-j359-autorite-enregistrement-finess,ValueSet/jdv-j374-autorite,ValueSet/jdv-j287-type-autorite-regulation-finess,ValueSet/jdv-j373-type-autorite,ValueSet/jdv-j375-autorite-ordre,ValueSet/jdv-j360-autorite-regulation-finess,ValueSet/jdv-j358-type-autorite-enregistrement-finess"
https://smt.esante.gouv.fr/fhir/CodeSystem/tre-r397-categorie-entite-geographique-exercice,20260601120000,active,"1.2.250.1.213.1.6.1.378",TreR397CategorieEntiteGeographiqueExercice,Tre R397 Categorie Entite Geographique Exercice,"Cette TRE hierarchique remplace les TRE actuelles TRE_R66_CategorieEtablissement, TRE-R63-AgregatCategorieEtablissementNiv1, TRE-R64-AgregatCategorieEtablissementNiv2, TRE-R65-AgregatCategorieEtablissement et ASS-X10-AgregatCategorieEtablissement. Cette TRE possède des propriétésspécifiques : le niveau d'agrégat des EGE de 1 à 4 (du plus large au plus fin), le parent d'un agrégat d'EGE ou d'un EGE, la relation entre un code et le domaine ( TRE R62), un indicateur pour les EGE spécifiques au ROR ( non finess) et les relations nécessaires à la construction des JDV dynamiques associés","ValueSet/jdv-modalite-entree-esms-cisis,ValueSet/jdv-j368-categorie-etablissement-cisis,ValueSet/jdv-lieu-de-vie-cisis,ValueSet/jdv-j309-categorie-entite-geographique-exercice-niv3-finess,ValueSet/jdv-j380-categorie-entite-geographique-exercice-rass,ValueSet/jdv-modalite-sortie-cisis,ValueSet/jdv-j310-categorie-entite-geographique-exercice-finess,ValueSet/jdv-j308-categorie-entite-geographique-exercice-niv2-finess,ValueSet/jdv-type-prise-en-charge-cisis,ValueSet/jdv-mode-sortie-cisis,ValueSet/jdv-destination-transfert-cisis,ValueSet/jdv-traitement-suivi-cisis,ValueSet/jdv-j307-categorie-entite-geographique-exercice-niv1-finess,ValueSet/jdv-patient-adresse-par-cisis,ValueSet/jdv-j377-categorie-entite-geographique-exercice-ror"
https://smt.esante.gouv.fr/fhir/CodeSystem/tre-r400-finess-statut-juridique,20260629120000,active,"1.2.250.1.213.1.6.1.379",TreR400FinessStatutJuridique,Tre R400 Finess Statut Juridique,"Cette TRE hiérarchique remplace les TRE_R68-FinessAgregatStatutJuridiqueNiv1, TRE_R69-FinessAgregatStatutJuridiqueNiv2, TRE_R70-FinessAgregatStatutJuridique, TRE_R72-FinessStatutJuridique, et l'association ASS_X11_FinessAgregatStatutJuridique. Cette TRE possède des propriétés spécifiques : le niveau d'agrégat des statuts juridiques  de 1 à 4 ( du plus large au plus fin), le parent d'un agrégat de statuts juridiques ou d'un statut juridique, un indicateur pour les statuts juridiques  spécifiques à RPPS ( non finess) et les relations nécessaires à la construction des JDV dynamiques associés","ValueSet/jdv-j304-finess-statut-juridique-finess,ValueSet/jdv-j302-finess-statut-juridique-niv2-finess,ValueSet/jdv-j303-finess-statut-juridique-niv3-finess,ValueSet/jdv-j301-finess-statut-juridique-niv1-finess"
https://smt.esante.gouv.fr/fhir/CodeSystem/tre-r401-activite-sociale-regulee,20260601120000,active,"1.2.250.1.213.1.6.1.380",TreR401ActiviteSocialeRegulee,Tre R401 Activite Sociale Regulee,"Cette TRE hiérarchique remplace les éléments suivants : TRE_R280-DisciplineEquipementSocial, TRE_R298-AgregatDisciplineEquipSocNiv1, TRE_R299-AgregatDisciplineEquipSocNiv2, TRE_R300-AgregatDisciplineEquipSocNiv3 et ASS_X14_AgregatDisciplineEquipementSocial.  Cette TRE possède des propriétés spécifiques :  1. Le niveau d'agrégat des ASOCR de 1 à 4 (du plus large au plus fin) 2. Le parent d'un agrégat d'ASOCR ou d'une ASOCR 3. Les relations nécessaires à la construction des JDV dynamiques associés","ValueSet/jdv-j323-activite-sociale-regulee-finess,ValueSet/jdv-j324-activite-sociale-regulee-niv1-finess,ValueSet/jdv-j325-activite-sociale-regulee-niv2-finess,ValueSet/jdv-j379-activite-sociale-regulee-rass,ValueSet/jdv-j326-activite-sociale-regulee-niv3-finess"
https://smt.esante.gouv.fr/fhir/CodeSystem/tre-r402-activite-enseignement-regulee,20260223120000,active,"1.2.250.1.213.1.6.1.381",TreR402ActiviteEnseignementRegulee,Tre R402 Activite Enseignement Regulee,"Liste des activités d'enseignement régulées organisée en 3 niveaux d'agrégation. Annule et remplace les anciennes TRE xxxEnseignement","ValueSet/jdv-j319-activite-enseignement-regulee-niv1-finess,ValueSet/jdv-j318-activite-enseignement-regulee-finess,ValueSet/jdv-j320-activite-enseignement-regulee-niv2-finess,ValueSet/jdv-j321-activite-enseignement-regulee-niv3-finess"
https://smt.esante.gouv.fr/fhir/CodeSystem/tre-r403-public-activite-smsse-regulee,20260629120000,active,"1.2.250.1.213.1.6.1.382",TreR403PublicActiviteSmsseRegulee,Tre R403 Public Activite Smsse Regulee,"Cette TRE hiérarchique remplace les TRE actuelles TRE_R279-Clientele, TRE_R293-AgregatClienteleNiv2, TRE_R294-AgregatClienteleNiv3 et l'association ASS_X13-AgregatClientele. Cette TRE possède de nouvelles propriétés : le niveau d'agrégat des publics de 1 à 3 (du plus large au plus fin), le parent d'un agrégat de publics ou d'un public ainsi que les relations nécessaires à la construction des JDV dynamiques associés","ValueSet/jdv-j376-public-activite-smsse-regulee-rass,ValueSet/jdv-j328-public-activite-smsse-regulee-finess,ValueSet/jdv-j330-public-activite-smsse-regulee-niv2-finess,ValueSet/jdv-j329-public-activite-smsse-regulee-niv1-finess"
https://smt.esante.gouv.fr/fhir/CodeSystem/tre-r404-mode-fonctionnement-activite-smsse-regulee,20260629120000,active,"1.2.250.1.213.1.6.1.383",TreR404ModeFonctionnementActiviteSmsseRegulee,Tre R404 Mode Fonctionnement Activite Smsse Regulee,"Mode de fonctinonemment des activités ssmsse régulées. Cette TRE remplace la TRE_R209-TypeActivite","ValueSet/vs-tre-r404-mode-fonctionnement-activite-smsse-regulee-all"
https://smt.esante.gouv.fr/fhir/CodeSystem/tre-r405-modalite-activite-smsse-regulee,20260223120000,active,"1.2.250.1.213.1.6.1.384",TreR405ModaliteActiviteSmsseRegulee,Tre R405 Modalite Activite Smsse Regulee,"Modalités des activités SSMSE régulées, remplace la TRE_R275-ModaliteActivite","ValueSet/vs-tre-r405-modalite-activite-smsse-regulee-all"
https://smt.esante.gouv.fr/fhir/CodeSystem/tre-r406-forme-activite-smsse-regulee,20260223120000,active,"1.2.250.1.213.1.6.1.385",TreR406FormeActiviteSmsseRegulee,Tre R406 Forme Activite Smsse Regulee,"Formes des activites smsse régulées, remplace la TRE_R276-FormeActivite","ValueSet/vs-tre-r406-forme-activite-smsse-regulee-all"
https://smt.esante.gouv.fr/fhir/CodeSystem/tre-r407-composition-foyer,20260202120000,active,"1.2.250.1.213.3.3.261",TreR407CompositionFoyer,Tre R407 Composition Foyer,"Désigne avec qui vit l’usager dans son logement.","ValueSet/jdv-j385-composition-foyer-ms"
https://smt.esante.gouv.fr/fhir/CodeSystem/tre-r408-type-enseignement-specialise,20260202120000,active,"1.2.250.1.213.3.3.262",TreR408TypeEnseignementSpecialise,Tre R408 Type Enseignement Specialise,"Type d'enseignement spécialisé.","ValueSet/jdv-j386-type-enseignement-specialise-ms,ValueSet/jdv-j408-orientation-ms"
https://smt.esante.gouv.fr/fhir/CodeSystem/tre-r411-sexe-insee,20260629120000,active,"1.2.250.1.213.2.82",TreR411SexeInsee,Tre R411 Sexe Insee,"Liste de valeurs du code Sexe pour l'INSEE - En attente de faire directement référence aux Terminologies INSEE","ValueSet/jdv-j389-sexe-insee"
https://smt.esante.gouv.fr/fhir/CodeSystem/tre-r412-niveau-diplome,20260601120000,draft,"1.2.250.1.213.3.3.263",TreR412NiveauDiplome,Tre R412 Niveau Diplome,"Niveau de diplôme permettant d'indiquer le type de formation nécessaire pour occuper un poste dans le monde professionnel.","ValueSet/jdv-j391-niveau-diplome-ms"
https://smt.esante.gouv.fr/fhir/CodeSystem/tre-r413-categorie-permis-conduire,20260601120000,draft,"1.2.250.1.213.3.3.264",TreR413CategoriePermisConduire,Tre R413 Categorie Permis Conduire,"Catégorie de permis de conduire.","ValueSet/jdv-j410-categorie-permis-conduire-ms"
https://smt.esante.gouv.fr/fhir/CodeSystem/tre-r414-niveau-scolaire,20260601120000,draft,"1.2.250.1.213.3.3.265",TreR414NiveauScolaire,Tre R414 Niveau Scolaire,"Niveau scolaire de l'usager en France.","ValueSet/jdv-j411-niveau-scolaire-ms"
https://smt.esante.gouv.fr/fhir/CodeSystem/tre-r415-utilisation-canal-communication,20260505120000,draft,"1.2.250.1.213.3.3.266",TreR415UtilisationCanalCommunication,Tre R415 Utilisation Canal Communication,"Précise l'utilisation du canal de communication.","ValueSet/jdv-j393-utilisation-canal-communication-ms"
https://smt.esante.gouv.fr/fhir/CodeSystem/tre-r416-type-courrier,20260505120000,draft,"1.2.250.1.213.3.3.267",TreR416TypeCourrier,Tre R416 Type Courrier,"Type de courrier en France.","ValueSet/jdv-j392-type-courrier-ms"
https://smt.esante.gouv.fr/fhir/CodeSystem/tre-r417-type-demande-compensation,20260505120000,draft,"1.2.250.1.213.3.3.268",TreR417TypeDemandeCompensation,Tre R417 Type Demande Compensation,"Type de la demande de compensation adressée à la CDAPH.","ValueSet/jdv-j394-type-demande-compensation-ms"
https://smt.esante.gouv.fr/fhir/CodeSystem/tre-r418-nature-demande-compensation,20260505120000,draft,"1.2.250.1.213.3.3.269",TreR418NatureDemandeCompensation,Tre R418 Nature Demande Compensation,"Nature de la demande de compensation adressée à la CDAPH.","ValueSet/jdv-j395-nature-demande-compensation-ms"
https://smt.esante.gouv.fr/fhir/CodeSystem/tre-r419-motivation,20260601120000,draft,"1.2.250.1.213.3.3.270",TreR419Motivation,Tre R419 Motivation,"Considération(s) de droit ou de fait qui constituent le fondement de la proposition et de la décision de la CDAPH.","ValueSet/jdv-j399-motivation-ms"
https://smt.esante.gouv.fr/fhir/CodeSystem/tre-r420-droit-prestation,20260505120000,draft,"1.2.250.1.213.3.3.271",TreR420DroitPrestation,Tre R420 Droit Prestation," Catégorie et type de droit et prestation caractérisant la décision d'orientation.","ValueSet/jdv-j402-type-droit-prestation-ms,ValueSet/jdv-j401-categorie-droit-prestation-ms"
https://smt.esante.gouv.fr/fhir/CodeSystem/tre-r421-motif-fin-pag,20260505120000,draft,"1.2.250.1.213.3.3.272",TreR421MotifFinPag,Tre R421 Motif Fin Pag,"Lorsque le plan d'accompagnement global (PAG) arrive à échéance ou si le coordonnateur de parcours l'estime nécessaire, un bilan est élaboré et la phase d'actualisation est lancée afin de déterminer s'il faut prolonger ce PAG, le modifier ou y mettre fin. La MDPH, les partenaires et l'usager peuvent définir ensemble que le PAG n'est plus nécessaire et donc y mettre fin. Le consentement de la personne ou de son représentant légal est recueilli et l'information sur la fin du PAG transmise à l'ensemble des parties-prenantes.","ValueSet/jdv-j403-motif-fin-pag-ms"
https://smt.esante.gouv.fr/fhir/CodeSystem/tre-r422-qualification-orientation,20260505120000,draft,"1.2.250.1.213.3.3.273",TreR422QualificationOrientation,Tre R422 Qualification Orientation,"La qualification de l'orientation peut être cible ou alternative.","ValueSet/jdv-j404-qualification-orientation-ms"
https://smt.esante.gouv.fr/fhir/CodeSystem/tre-r423-type-presence-absence,20260505120000,draft,"1.2.250.1.213.3.3.274",TreR423TypePresenceAbsence,Tre R423 Type Presence Absence,"Déclaration du type de présence absence de l'usager lors d'un événement organisé par sa structure de rattachement.","ValueSet/jdv-j405-type-presence-absence-ms"
https://smt.esante.gouv.fr/fhir/CodeSystem/tre-r424-motif-absence,20260505120000,draft,"1.2.250.1.213.3.3.275",TreR424MotifAbsence,Tre R424 Motif Absence,"Motif pour lequel l'usager n'est pas présent lors d'un événement organisé par sa structure de rattachement.","ValueSet/jdv-j406-motif-absence-ms"
https://smt.esante.gouv.fr/fhir/CodeSystem/tre-r425-type-repas,20260505120000,draft,"1.2.250.1.213.3.3.276",TreR425TypeRepas,Tre R425 Type Repas,"Type de repas.","ValueSet/jdv-j407-type-repas-ms"
https://smt.esante.gouv.fr/fhir/CodeSystem/tre-r426-orientation,20260505120000,draft,"1.2.250.1.213.3.3.277",TreR426Orientation,Tre R426 Orientation,"Orientation vers un Service d'éducation spéciale et de soins à domicile (SESSAD) ou vers un Service d'accompagnement familial et d'éducation précoce (SAFEP)","ValueSet/jdv-j408-orientation-ms"
https://smt.esante.gouv.fr/fhir/CodeSystem/tre-r427-type-adresse,20260505120000,draft,"1.2.250.1.213.3.3.278",TreR427TypeAdresse,Tre R427 Type Adresse,"Type d'adresse postale tel que ""Adresse du domicile"", ""Adresse de livraison"" pour une personne physique.","ValueSet/jdv-j409-type-adresse-ms"
https://smt.esante.gouv.fr/fhir/CodeSystem/tre-r436-origine-interruption-exercice,20260629120000,active,"1.2.250.1.213.1.6.1.402",TreR436OrigineInterruptionExercice,Tre R436 Origine Interruption Exercice,"L’origine d’une interruption d’exercice correspond à l’autorité juridique ou administrative ayant prononcé la mesure. Cette information permet d’identifier le cadre dans lequel la décision a été prise et d’en comprendre le contexte. Elle facilite son interprétation, notamment pour apprécier les modalités d’application de la mesure (portée, exécution, éventuels recours).","ValueSet/jdv-j390-origine-interruption-exercice-rpps"
https://smt.esante.gouv.fr/terminologie-SERAFINPH,2023.1.0,active,,SERAFIN_PH,Nomenclature des besoins et des prestations,"Les nomenclatures des besoins et des prestations ont été élaborées par un groupe de travail issu du projet SERAFIN-PH porté par la Caisse nationale de Solidarité pour l’Autonomie (CNSA) et la Direction Générale de la Cohésion Sociale (DGCS). Elles permettent de décrire, sur la base d’un langage commun, les besoins identifiés des personnes, et les prestations réalisées en réponse à ces besoins. Les usages locaux de ces nomenclatures montrent leur pertinence pour nouer autour des projets personnalisés d’accompagnement et de leurs déclinaisons opérationnelles un dialogue soutenu et permanent entre tous les acteurs concernés, de la personne accompagnée aux structures médico-sociales, acteurs de droit commun et jusqu’aux institutions de régulation (ARS, services déconcentrés et collectivités locales).","ConceptMap/ASS-A14-FamilleActivite-ActiviteOperationnelle,ValueSet/JDV-J283-PrestationsIndirects-SERAFIN,ValueSet/JDV-J284-PrestationsDirects-SERAFIN,ValueSet/JDV-J285-Besoins-SERAFIN,ValueSet/JDV-J282-TransportsLiesAuProjetIndividuel-SERAFIN"
https://smt.esante.gouv.fr/terminologie-atc,2026-02,active,"2.16.840.1.113883.6.73",ATC,Classification anatomique, thérapeutique et chimique,"La classification ATC (anatomique, thérapeutique et chimique) classe les substances actives dans différents groupes selon l’organe ou le système sur lequel ils agissent et selon leurs propriétés thérapeutiques, pharmacologiques et chimiques.","ValueSet/vs-atc-all"
https://smt.esante.gouv.fr/terminologie-bdpm,2026-07-01,active,,BDPM,Base de données publique du médicament,"LA BDPM est un des référentiels du médicament gérée et distribuée par l’ANSM. Elle recense l’ensemble des spécialités et des présentations effectivement commercialisées durant les 5 dernières années. De ce fait, elle ne propose pas un historique exhaustif des codes de présentation et spécialités, celui-ci peut être obtenu grâce à la base RCP disponible sur le site de l’ANSM","ValueSet/vs-bdpm-all"
https://smt.esante.gouv.fr/terminologie-ccam,v83.00,active,"1.2.250.1.215.300.1",CCAM,Classification Commune des Actes Médicaux,"La Classification Commune des Actes Médicaux est la terminologie de facturation créée et maintenue par la CNAM.","ValueSet/jdv-type-acte-post-partum-cisis,ValueSet/jdv-investigation-realisee-aunv-cisis,ValueSet/jdv-static-sem-procedure-cisis,ValueSet/jdv-investigation-realisee-eunv-cisis"
https://smt.esante.gouv.fr/terminologie-cim-10,2025-01-01,active,"2.16.840.1.113883.6.3",CIM_10_FR_PMSI,Classification internationale des maladies et des problèmes de santé connexes - 10ème révision - Version française à usage PMSI (Programme Médicalisé des Systèmes d'Information),"La Classification Internationale des Maladies (CIM) permet d’établir les statistiques sanitaires (morbi-mortalité) partout dans le monde. Elle est gérée par l’Organisation Mondiale de la Santé qui publie une mise à jour annuelle. En France l’ATIH édite et publie une version complète du volume 1 de la CIM–10 à usage PMSI. La CIM–10 est aussi utilisée pour alimenter les dossier médicaux électronique des patients.Elle est destinée à être progressivement remplacée par la CIM 11","ValueSet/JDV-J280-CIM10ATIH-UPNOS"
https://smt.esante.gouv.fr/terminologie-emdn,v1.2,active,"1.2.250.1.213.2.68",EMDN,European Medical device nomenclature,"La nomenclature européenne des dispositifs médicaux (EMDN) est la nomenclature que doivent utiliser les fabricants pour enregistrer leurs dispositifs médicaux dans EUDAMED, base de données européenne sur les dispositifs médicaux. Il s'agit d'alimenter le système européen d’identification des dispositifs fondé sur un identifiant unique du dispositif (IUD) pour en faciliter la traçabilité.","ValueSet/JDV-J275-EMDN-UPNOS,ValueSet/JDV-J145-MethodBodyWeight-ENS,ValueSet/JDV-J156-MethodGlucoseInterstitiel-ENS,ValueSet/jdv-mesure-type-verre-prescrit-cisis,ValueSet/jdv-type-sonde-gastrique-cisis,ValueSet/jdv-ufcv-polarite-sonde-cisis,ValueSet/JDV-J155-MethodGlucoseSanguin-ENS,ValueSet/jdv-ufcv-type-dispositif-cardiaque-cisis,ValueSet/JDV-J158-MethodStepsByDay-ENS,ValueSet/jdv-mesure-type-verre-delivre-cisis,ValueSet/JDV-J147-MethodHeartrate-ENS,ValueSet/jdv-ufcv-type-valve-cisis,ValueSet/jdv-ufcv-modele-valve-cisis,ValueSet/jdv-ufcv-type-endoprothese-cisis,ValueSet/JDV-J150-MethodBP-ENS,ValueSet/JDV-J152-MethodBodyTemperature-ENS,ValueSet/JDV-J146-MethodBodyHeight-ENS,ValueSet/jdv-prothese-objet-personnel-cisis,ValueSet/jdv-ufcv-materiel-implante-cisis,ValueSet/jdv-defaillance-materielle-cisis"
https://smt.esante.gouv.fr/terminologie-nuva,1.0.1110,active,"1.3.6.1.4.1.48601.1",NUVA,Nomenclature Unifiée des Vaccins,"La nomenclature unifiée des vaccins (NUVA) liste les spécialités vaccinales commercialisées ou ayant été commercialisées en France ou à l’étranger. Ces spécialités sont associées à une dénomination générique et à une description structurée notamment au niveau des valences et des pathologies cibles.Elle permet de constituer un historique vaccinal complet, aussi précis que le permettent les sources des données, interprétable par des systèmes d’information.","ValueSet/vs-nuva-all"
https://smt.esante.gouv.fr/terminologie-sms,2026-07,active,"2.16.840.1.113883.3.6905.2",Dictionnaire_SMS_Substance_Management_Services_,Dictionnaire européen multilingue des substances entrant dans la composition de médicaments,"Le dictionnaire des substances ou SMS a été conçu par l’European Medicines Agency (EMA) dans le cadre d’une démarche qualité. Ce dictionnaire contient les substances entrant dans la composition de médicaments destinés à un humain et/ou vétérinaire.","ValueSet/vs-sms-all"
https://smt.esante.gouv.fr/terminologie-standardterms,2026-01-30,active,"0.4.0.127.0.16.1.1.2.1",Standard_terms_EDQM,Standard Terms Data Base Dictionnaire européen multilingue de termes normalisés descripteurs de médicaments,"Les standard terms (ou listes de termes normalisés) ont été établis en réponse à une demande de la Commission européenne. Ils contiennent les formes pharmaceutiques, les voies et/ou les méthodes d’administration, les unités de présentation, ainsi que les conditionnements, les systèmes de fermeture et les dispositifs d’administration des médicaments à usage humain et/ou vétérinaire.","ValueSet/jdv-mode-administration-cisis,ValueSet/jdv-fluide-route-code-cisis,ValueSet/vs-edqm-all,ValueSet/jdv-route-of-administration-cisis,ValueSet/jdv-usage-drogue-cisis,ValueSet/jdv-immunization-route-code-cisis"
